,DISP Airis NEO P8000 5% - Blue Razz Lemon,"Blue Razz, Lemon, Fruit, Blue Raspberry"
0,DISP Airis NEO P8000 5% - Blueberry Ice,"Blueberry, Ice, Menthol, Fruit"
1,DISP Airis NEO P8000 5% - Cool Mint,"Mint, Cool"
2,DISP Airis NEO P8000 5% - Kiwi Passion Fruit Guava,"Kiwi, Passion Fruit, Guava, Fruit, Tropical"
3,DISP Airis NEO P8000 5% - Kiwi Strawberry,"Kiwi, Strawberry, Fruit"
4,DISP Airis NEO P8000 5% - Mango Peach Ice,"Mango, Peach, Ice, Menthol, Fruit"
5,DISP Airis NEO P8000 5% - Pina Colada Ice,"Coconut, Pineapple, Ice, Menthol, Pina Colada, Fruit"
6,DISP Airis NEO P8000 5% - Sakura Grape Ice,"Grape, Cherry Blossom, Ice, Menthol, Fruit"
7,DISP Airis NEO P8000 5% - Strawberry Banana,"Strawberry, Banana, Fruit"
8,DISP Airis NEO P8000 5% - Strawberry Cream,"Strawberry, Cream, Dessert"
9,DISP Airis NEO P8000 5% - Strawberry Watermelon,"Strawberry, Watermelon, Fruit"
10,DISP Airis NEO P8000 5% - Triple Berry Ice,"Berry, Ice, Blueberry, Raspberry, Strawberry, Menthol, Fruit"
11,DISP Airis NEO P8000 5% - Watermelon Bubble Gum,"Watermelon, Bubble Gum, Fruit, Candy"
12,DISP Airis NEO P8000 5% - Watermelon Ice,"Watermelon, Ice, Menthol, Fruit, Lush Ice"
13,DISP Cali Boxx 4000 3% Puffs - Blue Raspberry Kiwi Lemonade,"Blue Raspberry, Kiwi, Lemonade, Blue Razz, Fruit"
14,DISP Cali Boxx 4000 3% Puffs - Frozen Blackberry,"Blackberry, Ice, Menthol, Fruit"
15,DISP Cali Boxx 4000 3% Puffs - Mighty Mint,"Mint, Menthol, Ice"
16,DISP Cali Boxx 4000 5% Puffs - Blue Raspberry Kiwi Lemonade,"Blue Raspberry, Kiwi, Lemonade, Blue Razz, Fruit"
17,DISP E.B Design BC5000 Disposable 0% () - Miami Mint,"Mint, Menthol, Citrus, Lemon, Lime"
18,DISP E.B Design BC5000 Disposable 0% () - Rainbow Candy,"Strawberry, Lime, Grape, Lemon, Orange, Skittles, Candy"
19,DISP E.B Design BC5000 Disposable 0% () - Strawberry Mango,"Strawberry, Mango, Fruit"
20,DISP EB Create BC5000 Disposable 0% () - Strawberry Mango,"Strawberry, Mango, Fruit"
21,DISP EB Design BC5000 9. 5000 Puffs 650mAh 4% Beach Day,"Blackcurrant, Orange, Vanilla, Fruit"
22,DISP EB Design BC5000 9. 5000 Puffs 650mAh 4% Blue Razz Ice,"Blue Razz, Ice, Mentol, Blue Raspberry, Fruit, Candy"
23,DISP EB Design BC5000 9. 5000 Puffs 650mAh 4% Clear,"Light Menthol, Unsweet, Menthol"
24,DISP EB Design BC5000 9. 5000 Puffs 650mAh 4% Cranberry Punch,"Cranberry, Fruit Punch, Fruit"
25,DISP EB Design BC5000 9. 5000 Puffs 650mAh 4% Crazi Bery,"Raspberry, Dragon Fruit, Cranberry, Fruit"
26,DISP EB Design BC5000 9. 5000 Puffs 650mAh 4% Cuba Cigar,Tobacco
27,DISP EB Design BC5000 9. 5000 Puffs 650mAh 4% Malibu,"Peach, Pineapple, Orange, Fruit"
28,DISP EB Design BC5000 9. 5000 Puffs 650mAh 4% Orange Pear Nectar,"Orange, Pear, Fruit"
29,DISP EB Design BC5000 9. 5000 Puffs 650mAh 4% Peach Berry,"Peach, Blueberry, Raspberry, Strawberry, Fruit"
30,DISP EB Design BC5000 9. 5000 Puffs 650mAh 4% Peach Mango Watermelon,"Peach, Mango, Watermelon, Fruit"
31,DISP EB Design BC5000 9. 5000 Puffs 650mAh 4% Sakura Grape,"Cherry Blossom, Grape, Fruit"
32,DISP EB Design BC5000 9. 5000 Puffs 650mAh 4% Strawberry Kiwi,"Strawberry, Kiwi, Fruit"
33,DISP EB Design BC5000 9. 5000 Puffs 650mAh 4% Strawberry Pear Orange Ice,"Strawberry, Pear, Orange, Ice, Menthol, Fruit"
34,DISP EB Design BC5000 9. 5000 Puffs 650mAh 4% Strawberry Watermelon,"Strawberry, Watermelon, Fruit"
35,DISP EB Design BC5000 9. 5000 Puffs 650mAh 4% Triple Berry Ice,"Blueberry, Raspberry, Strawberry, Ice, Menthol, Fruit"
36,DISP EB Design BC5000 9. 5000 Puffs 650mAh 4% Tropical Rainbow Blast,"Pineapple, Mango, Passionfruit, Kiwi, Tropical, Fruit"
37,DISP EB Design BC5000 9. 5000 Puffs 650mAh 4% Watermelon BG,"Watermelon, Bubble Gum, Fruit, Candy"
38,DISP EB Design BC5000 9. 5000 Puffs 650mAh 4% Watermelon Jolly Candy,"Watermelon, Peppermint, Menthol, Fruit, Candy"
39,DISP EB design BC5000 Disposable 0% () - Strawberry Kiwi,"Strawberry, Kiwi, Fruit"
40,DISP EBCreate BC5000 0% () - Blue Razz Ice,"Blue Razz, Ice, Blue Raspberry, Menthol, Fruit, Candy"
41,DISP EBCreate BC5000 9. 5000 Puffs 650mAh 4% Berry Mix,"Raspberry, Dragon Fruit, Cranberry, Fruit"
42,DISP EBCreate BC5000 9. 5000 Puffs 650mAh 4% Blue Razz Ice,"Blue Razz, Ice, Menthol, Blue Raspberry, Fruit, Candy"
43,DISP EBCreate BC5000 9. 5000 Puffs 650mAh 4% Lemon Mint,"Lemon, Mint, Menthol, Ice"
44,DISP EBCreate BC5000 9. 5000 Puffs 650mAh 4% Mango Peach,"Mango, Peach, Fruit"
45,DISP EBCreate BC5000 9. 5000 Puffs 650mAh 4% Miami Mint,"Mint, Citrus, Lemon, Lime, Menthol, Orange, Fruit, Ice"
46,DISP EBCreate BC5000 9. 5000 Puffs 650mAh 4% Peach Ice,"Peach, Ice, Menthol, Fruit"
47,DISP EBCreate BC5000 9. 5000 Puffs 650mAh 4% Snoow Grape,"Grape, Ice, Menthol, Fruit"
48,DISP EBCreate BC5000 9. 5000 Puffs 650mAh 4% Strawberry Banana,"Strawberry, Banana, Fruit"
49,DISP EBCreate BC5000 9. 5000 Puffs 650mAh 4% Strawberry Kiwi,"Strawberry, Kiwi, Fruit"
50,DISP EBCreate BC5000 9. 5000 Puffs 650mAh 4% Strawlemon Ice,"Strawberry, Lemon, Ice, Menthol, Fruit"
51,DISP EBCreate BC5000 9. 5000 Puffs 650mAh 4% Triple Berry Ice,"Blueberry, Raspberry, Strawberry, Ice, Menthol, Fruit"
52,DISP EBCreate BC5000 9. 5000 Puffs 650mAh 4% Watermelon BG,"Watermelon, Bubble Gum, Fruit, Candy"
53,DISP EBCreate BC5000 9. 5000 Puffs 650mAh 4% Watermelon Ice,"Watermelon, Ice, Menthol, Fruit"
54,DISP EBCreate BC5000 Disposable 0% () - Cranberry Grape,"Cranberry, Grape, Fruit"
55,DISP EBCreate BC5000 Disposable 0% () - Peach Mango Watermelon,"Peach, Mango, Watermelon, Fruit"
56,DISP EBCreate BC5000 Disposable 0% () - Rinbo Cloud,"Strawberry, Lime, Grape, Lemon, Orange, Skittles, Fruit, Candy"
57,DISP EBCreate BC5000 Disposable 0% () - Tropical Rainbow Blast,"Mango, Banana, Pineapple, Strawberry, Lime, Fruit, Candy"
58,DISP EBCreate BC5000 Disposable 0% () - Watermelon Ice,"Watermelon, Ice, Methol, Fruit"
59,DISP EBCreate BC5000 Thermal Edition 9. 5% Blackberry Cherry,"Blackberry, Cherry, Fruit"
60,DISP EBCreate BC5000 Thermal Edition 9. 5% Cherry Dragonfruit,"Cherry, Dragonfruit, Fruit"
61,DISP EBCreate BC5000 Thermal Edition 9. 5% Nectarine,"Nectarine, Fruit"
62,DISP EBCreate BC5000 Thermal Edition 9. 5% Sour Grape Chew,"Grape, Candy, Fruit"
63,DISP Elf Bar AIRO MAX 5000 Puffs Banana Pineapple,"Banana, Pineapple, Fruit"
64,DISP Elf Bar AIRO MAX 5000 Puffs Berry Blast,"Raspberry, Strawberry, Blueberry, Ice, Fruit"
65,DISP Elf Bar AIRO MAX 5000 Puffs Grape Ice,"Grape, Ice, Menthol, Fruit"
66,DISP Elf Bar AIRO MAX 5000 Puffs Peach Ice Tea,"Peach, Ice, Tea, Fruit"
67,DISP Elf Bar AIRO MAX 5000 Puffs Skit Ice,"Strawberry, Lime, Grape, Lemon, Orange, Skittles, Ice, Menthol, Fruit, Candy"
68,DISP Elf Bar AIRO MAX 5000 Puffs Watermelon Kiwi Ice,"Watermelon, Kiwi, Ice, Menthol, Fruit"
69,DISP Elf Bar BC5000 9. 5000 Puffs 650mAh 5% Blue Razz Lemon,"Blue Razz, Lemon, Blue Raspberry, Fruit"
70,DISP Elf Bar BC5000 9. 5000 Puffs 650mAh 5% Cranberry Grape,"Cranberry, Grape, Fruit"
71,DISP Elf Bar BC5000 9. 5000 Puffs 650mAh 5% Grape Energy,"Grape, RedBull, Energy Drink, Ice, Menthol, Fruit"
72,DISP Elf Bar BC5000 9. 5000 Puffs 650mAh 5% Gumi,"Lemon, Lime, Peach, Fruit"
73,DISP Elf Bar BC5000 9. 5000 Puffs 650mAh 5% Honeydew Pineapple Orange,"Honeydew, Pineapple, Orange, Fruit"
74,DISP Elf Bar BC5000 9. 5000 Puffs 650mAh 5% Mango Peach,"Mango, Peach, Fruit"
75,DISP Elf Bar BC5000 9. 5000 Puffs 650mAh 5% Mint Tobacco,"Mint, Tobacco, Menthol"
76,DISP Elf Bar BC5000 9. 5000 Puffs 650mAh 5% Passion Fruit Orange Guava,"Passionfruit, Orange, Guava, Tropical, Fruit"
77,DISP Elf Bar BC5000 9. 5000 Puffs 650mAh 5% Peach Ice,"Peach, Ice, Menthol, Fruit"
78,DISP Elf Bar BC5000 9. 5000 Puffs 650mAh 5% Peach Mango Watermelon,"Peach, Mango, Watermelon, Fruit"
79,DISP Elf Bar BC5000 9. 5000 Puffs 650mAh 5% Rainbow Candy,"Strawberry, Lime, Grape, Lemon, Orange, Skittles, Candy, Fruit"
80,DISP Elf Bar BC5000 9. 5000 Puffs 650mAh 5% Rainbow Cloudz,"Strawberry, Lime, Grape, Lemon, Orange, Skittles, Candy, Fruit"
81,DISP Elf Bar BC5000 9. 5000 Puffs 650mAh 5% Strawberry Ice,"Strawberry, Ice, Menthol, Fruit"
82,DISP Elf Bar BC5000 9. 5000 Puffs 650mAh 5% Strawberry Mango,"Strawberry, Mango, Fruit"
83,DISP Elf Bar BC5000 9. 5000 Puffs 650mAh 5% Strawberry Pina Colada,"Strawberry, Pina Colada, Pineapple, Coconut, Fruit"
84,DISP Elf Bar BC5000 9. 5000 Puffs 650mAh 5% Strazz,"Strawberry, Raspberry, Ice, Menthol, Fruit"
85,DISP Elf Bar BC5000 9. 5000 Puffs 650mAh 5% Tropical Rainbow Blast,"Mango, Banana, Pineapple, Strawberry, Lime, Fruit, Candy"
86,DISP Elf Bar BC5000 9. 5000 Puffs 650mAh 5% Watermelon Cantaloupe Honeydew,"Watermelon, Cantaloupe, Honeydew, Fruit"
87,DISP Elf Bar BC5000 9. 5000 Puffs 650mAh 5% Watermelon Ice,"Watermelon, Ice, Menthol, Fruit"
88,DISP Elf Bar BC5000 9. 5000 Puffs 650mAh 5% Watermelon Nana Ice,"Watermelon, Banana, Ice, Menthol, Fruit"
89,DISP Elf VPR 7000 Ultra 7000 Puffs 700mAh 5% Peach Ice,"Peach, Ice, Menthol, Fruit"
90,DISP Elf VPR 7000 Ultra 7000 Puffs 700mAh 5% Strawberry Watermelon,"Strawberry, Watermelon, Fruit"
91,DISP Elf VPR 7000 Ultra 7000 Puffs 700mAh 5% Watermelon Bubblegum,"Watermelon, Bubblegum, Fruit, Candy"
92,DISP Geek Bar Pulse 5% Blo Pop,"Pineapple, Banana, Citrus, Strawberry, Bubble Gum, Fruit, Candy"
93,DISP Geek Bar Pulse 5% Blue Razz Ice,"Blue Razz, Ice, Blue Raspberry, Fruit, Candy"
94,DISP Geek Bar Pulse 5% Meta Moon,"Papaya, Strawberry, Watermelon, Fruit"
95,DISP Geek Bar Pulse 5% Pink Lemonade,"Citrus, Lemonade, Pink Lemonade, Strawberry, Fruit"
96,DISP Geek Bar Pulse 5% Strawberry Banana,"Strawberry, Banana, Fruit"
97,DISP Geek Bar Pulse 5% Tropical Rainbow Blast,"Tropical, Candy, Strawberry, Lime, Grape, Lemon, Orange, Skittles, Fruit, Candy"
98,DISP Geek Bar Pulse 5% Watermelon Ice,"Watermelon, Ice, Fruit, Menthol"
99,DISP Geek Bar Pulse 5% Black Cherry,"Black Cherry, Fruit"
100,DISP Geek Bar Pulse 5% Blue Mint,"Blueberry, Mint, Ice, Menthol, Fruit"
101,DISP Geek Bar Pulse 5% California Cherry,"Cherry, Fruit"
102,DISP Geek Bar Pulse 5% Dragon Melon,"Dragonfruit, Pear, Watermelon, Fruit"
103,DISP Geek Bar Pulse 5% Grape Blo Pop,"Grape, Bubblegum, Fruit, Candy"
104,DISP Geek Bar Pulse 5% Juicy Peach Ice,"Peach, Ice, Menthol, Fruit"
105,DISP Geek Bar Pulse 5% Mexico Mango,"Mango, Fruit"
106,DISP Geek Bar Pulse 5% Miami Mint,"Mint, Citrus, Lemon, Lime, Menthol"
107,DISP Geek Bar Pulse 5% Sour Apple Ice,"Green Apple, Sour Apple, Ice, Menthol, Fruit, Candy"
108,DISP Geek Bar Pulse 5% Strawberry Mango,"Mango, Strawberry, Fruit"
109,DISP Geek Bar Pulse 5% White Gummy Ice,"Pineapple, Gummy, Ice, Menthol, Fruit, Candy"
110,DISP Geek Bar Pulse 5% Cherry Bomb,"Cherry, Ice, Menthol, Fruit"
111,DISP KROS 3 Unlimited 3% 6000 Puffs - Spearmint,"Spearmint, Ice, Menthol, Mint"
112,DISP KROS 3 Unlimited 3% 6000 Puffs - Tropical Rainbow Twist,"Tropical, Candy, Strawberry, Lime, Grape, Lemon, Orange, Skittles, Fruit, Candy"
113,DISP KROS 3 Unlimited 3% 6000 Puffs - Vanilla Wafer,"Vanilla, Dessert, Cream"
114,DISP KROS 3 Unlimited 3% 6000 Puffs - Watermelon Bubblegum,"Watermelon, Bubblegum, Fruit, Candy"
115,DISP KROS 3 Unlimited 5% 6000 Puffs - Spearmint,"Spearmint, Ice, Menthol, Mint"
116,DISP KROS 3 Unlimited 5% 6000 Puffs - Tropical Rainbow Twist,"Tropical, Candy, Strawberry, Lime, Grape, Lemon, Orange, Skittles, Fruit, Candy"
117,DISP KROS 3 Unlimited 5% 6000 Puffs - Vanilla Wafer,"Vanilla, Dessert, Cream"
118,DISP KROS 3 Unlimited 5% 6000 Puffs - Watermelon Bubblegum,"Watermelon, Bubblegum, Fruit, Candy"
119,DISP Lost Mary MO5000 5000 Puffs 4% Alphonso Mango Ice,"Apricot, Peach, Mango, Ice, Menthol, Fruit"
120,DISP Lost Mary MO5000 5000 Puffs 4% Banana Raspberry Ice,"Banana, Raspberry, Ice, Menthol, Fruit"
121,DISP Lost Mary MO5000 5000 Puffs 4% Blackberry Cherry Lemon,"Blackberry, Cherry, Lemon, Fruit"
122,DISP Lost Mary MO5000 5000 Puffs 4% Colombian Coffee Ice,"Coffee, Ice, Cream, Menthol"
123,DISP Lost Mary MO5000 5000 Puffs 4% Iced Peach Colada,"Ice, Peach, Colada, Cocont, Menthol"
124,DISP Lost Mary MO5000 5000 Puffs 4% Sour Gami Mint,"Mint, Ice, Menthol, Tropical, Fruit, Pineapple, Mango, Papaya, Candy"
125,DISP Lost Mary MO5000 5000 Puffs 4% White Strawberry Ice,"Strawberry, Ice, Menthol, Fruit"
126,DISP Lost Mary MO5000 5000 Puffs 5% Banana Raspberry Ice,"Banana, Raspberry, Ice, Menthol, Fruit"
127,DISP Lost Mary MO5000 5000 Puffs 5% Black Strawnana,"Banana, Strawberry, Blackberry, Fruit"
128,DISP Lost Mary MO5000 5000 Puffs 5% Blue Razz Ice,"Blue Razz, Ice, Blue Raspberry, Fruit, Candy, Menthol"
129,DISP Lost Mary MO5000 5000 Puffs 5% Blue Trio,"Blueberry, Raspberry, Pomegranate, Fruit"
130,DISP Lost Mary MO5000 5000 Puffs 5% Blueberry Raspberry Lemon,"Blueberry, Raspberry, Lemon, Fruit"
131,DISP Lost Mary MO5000 5000 Puffs 5% Cherry Blossom Grape,"Cherry Blossom, Grape, Cherry, Fruit"
132,DISP Lost Mary MO5000 5000 Puffs 5% Cherry Lemon,"Cherry, Lemon, Fruit"
133,DISP Lost Mary MO5000 5000 Puffs 5% Citrus Sunrise,"Citrus, Orange, Tropical, Lemon, Fruit"
134,DISP Lost Mary MO5000 5000 Puffs 5% Ginger Beer,"Ginger, Lemon"
135,DISP Lost Mary MO5000 5000 Puffs 5% Grape Cloud,"Grape, Grape Jelly, Fruit"
136,DISP Lost Mary MO5000 5000 Puffs 5% Kiwi Fuse,"Kiwi, Passionfruit, Guava, Fruit"
137,DISP Lost Mary MO5000 5000 Puffs 5% Lemon Sparkling Wine,"Lemon, White Grape, Ice, Mint, Menthol, Fruit"
138,DISP Lost Mary MO5000 5000 Puffs 5% Mango Peach,"Mango, Peach, Fruit"
139,DISP Lost Mary MO5000 5000 Puffs 5% Mango Peach Watermelon,"Mango, Peach, Watermelon, Fruit"
140,DISP Lost Mary MO5000 5000 Puffs 5% Pineapple Apple Pear,"Pineapple, Apple, Pear, Fruit"
141,DISP Lost Mary MO5000 5000 Puffs 5% Plum Rose Mint,"Plum, Rose, Mint, Ice, Menthol, Fruit"
142,DISP Lost Mary MO5000 5000 Puffs 5% Raspberry Lemonade,"Raspberry, Lemonade, Fruit"
143,DISP Lost Mary MO5000 5000 Puffs 5% Triple Berry Ice,"Raspberry, Blackberry, Blueberry, Ice, Menthol"
144,DISP Lost Mary MO5000 5000 Puffs 5% Tropical Fruit,"Tropical, Fruit, Pineapple, Mango, Papaya"
145,DISP Lost Mary MO5000 5000 Puffs 5% Watermelon Cherry,"Watermelon, Cherry, Fruit"
146,DISP Lost Mary MO5000 5000 Puffs 5% Watermelon Ice,"Watermelon, Ice, Menthol, Fruit, Lush Ice"
147,DISP Lost Mary MO5000 5000 Puffs 5% Yummy,"Mango, Pineapple, Papaya, Tropical, Fruit, Candy"
148,DISP Lost Mary OS5000 5000 Puffs 5% Black Mint,"Mint, Blackberry, Ice, Menthol, Fruit"
149,DISP Lost Mary OS5000 5000 Puffs 5% Blue Cotton Candy,"Blue Cotton Candy, Cotton Candy, Blue Razz, Blue Raspberry, Candy"
150,DISP Lost Mary OS5000 5000 Puffs 5% Blue Razz Ice,"Blue Razz, Blue Raspberry, Ice, Menthol, Fruit, Candy"
151,DISP Lost Mary OS5000 5000 Puffs 5% Blueberry Ice,"Blueberry, Ice, Menthol, Fruit"
152,DISP Lost Mary OS5000 5000 Puffs 5% Cherry Banana Duo Ice,"Cheery, Banana, Ice, Menthol, Fruit"
153,DISP Lost Mary OS5000 5000 Puffs 5% Cherry Cola,"Cherry, Cola, Soda, Fruit"
154,DISP Lost Mary OS5000 5000 Puffs 5% Cherry Peach Lemonade,"Cherry, Peach, Lemonade, Fruit"
155,DISP Lost Mary OS5000 5000 Puffs 5% Cranberry Soda,"Cranberry, Soda, Fruit"
156,DISP Lost Mary OS5000 5000 Puffs 5% Disposable Strawberry Apple Blackcurrant,"Strawberry, Apple, Blackcurrant, Fruit"
157,DISP Lost Mary OS5000 5000 Puffs 5% Forest Mint,"Mint, Menthol, Ice"
158,DISP Lost Mary OS5000 5000 Puffs 5% Grape,"Grape, Fruit"
159,DISP Lost Mary OS5000 5000 Puffs 5% Juicy Peach,"Peach, Ice, Sweet, Fruit"
160,DISP Lost Mary OS5000 5000 Puffs 5% Kiwi Passion Fruit Guava,"Kiwi, Passionfruit, Guava, Fruit"
161,DISP Lost Mary OS5000 5000 Puffs 5% Light Snow Peppermint,"Mint, Peppermint, Ice, Menthol"
162,DISP Lost Mary OS5000 5000 Puffs 5% Mad Blue,"Blueberry, Blackberry, Raspberry, Fruit"
163,DISP Lost Mary OS5000 5000 Puffs 5% Mary Dream,"Pineapple, Mango, Coconut, Tropical, Fruit"
164,DISP Lost Mary OS5000 5000 Puffs 5% Peach Ice,"Peach, Ice, Sweet, Fruit"
165,DISP Lost Mary OS5000 5000 Puffs 5% Peach Mango Watermelon,"Peach, Mango, Watermelon, Fruit"
166,DISP Lost Mary OS5000 5000 Puffs 5% Pineapple Mango,"Pineapple, Mango, Fruit"
167,DISP Lost Mary OS5000 5000 Puffs 5% Spearmint,"Spearmint, Ice, Menthol, Mint"
168,DISP Lost Mary OS5000 5000 Puffs 5% Strawberry Ice,"Strawberry, Ice, Menthol, Fruit"
169,DISP Lost Mary OS5000 5000 Puffs 5% Strawberry Mango,"Strawberry, Mango, Fruit"
170,DISP Lost Mary OS5000 5000 Puffs 5% Strawberry Pina Colada,"Strawberry, Pina Colada, Pineapple, Coconut, Fruit"
171,DISP Lost Mary OS5000 5000 Puffs 5% Strawberry Sundae,"Strawberry, Sundae, Cream, Vanilla, Dessert"
172,DISP Lost Mary OS5000 5000 Puffs 5% Triple Berry Duo Ice,"Berry, Ice, Strawberry, Blueberry, Raspberry, Menthol, Fruit"
173,DISP Lost Mary OS5000 5000 Puffs 5% Watermelon,"Watermelon, Fruit"
174,DISP Lost Mary OS5000 5000 Puffs 5% Watermelon Lemon,"Watermelon, Lemon, Fruit"
175,DISP Lost Vape Orion Bar 5% 7500 Puffs - Apple Cotton Candy,"Apple, Cotton Candy, Candy"
176,DISP Lost Vape Orion Bar 5% 7500 Puffs - Banana Cake,"Banana, Cake, Vanilla, Dessert"
177,DISP Lost Vape Orion Bar 5% 7500 Puffs - Blackcurrant Mixed Berry,"Blackcurrant, Mixed Berry, Fruit"
178,DISP Lost Vape Orion Bar 5% 7500 Puffs - Blue Razz Honeydew,"Blue Razz, Honeydew, Blue Raspberry, Melon, Fruit"
179,DISP Lost Vape Orion Bar 5% 7500 Puffs - Blueberry Pie,"Blueberry, Pie, Sweet, Graham, Dessert"
180,DISP Lost Vape Orion Bar 5% 7500 Puffs - Blueberry Raspberry,"Blueberry, Raspberry, Fruit"
181,DISP Lost Vape Orion Bar 5% 7500 Puffs - Double Apple Ice,"Apple, Ice, Menthol, Fruit"
182,DISP Lost Vape Orion Bar 5% 7500 Puffs - Dragon Fruit Berry,"Dragon Fruit, Berry, Strawberry, Blueberry, Raspberry, Kiwi, Fruit"
183,DISP Lost Vape Orion Bar 5% 7500 Puffs - Orange Ice,"Orange, Ice, Menthol"
184,DISP Lost Vape Orion Bar 5% 7500 Puffs - Passion Fruit Pineapple,"PassionFruit, Pineapple, Tropical, Fruit"
185,DISP Lost Vape Orion Bar 5% 7500 Puffs - Peach Mango Watermelon,"Peach, Mango, Watermelon, Fruit"
186,DISP Lost Vape Orion Bar 5% 7500 Puffs - Pineapple Lemonade,"Pineapple, Lemonade, Fruit"
187,DISP Lost Vape Orion Bar 5% 7500 Puffs - Rainbow Drop,"Sweet, Sour, Fruit, Strawberry, Lime, Grape, Lemon, Orange, Skittles, Candy"
188,DISP Lost Vape Orion Bar 5% 7500 Puffs - Raspberry Ice Tea,"Raspberry, Ice, Tea, Iced Tea, Fruit"
189,DISP Lost Vape Orion Bar 5% 7500 Puffs - Summer Peach Ice,"Peach, Ice, Sweet, Menthol"
190,DISP Lost Vape Orion Bar 5% 7500 Puffs - Triple Berries,"Blueberry, Blackberry, Raspberry, Fruit, Berry"
191,DISP Lost Vape Orion Bar Exotic Edition 5% 7500 Puffs - Cafe Mocha,"Coffee, Chocolate, Mocha, Dessert"
192,DISP Lost Vape Orion Bar Exotic Edition 5% 7500 Puffs - Euphoria Pudding,"Sweet, Pudding, Ice, Menthol, Vanilla, Custard, Dessert"
193,DISP Metaku Spongie 7500 Puffs - Blue Razz Ice,"Blue Razz, Ice, Blueberry Raspberry, Fruit, Menthol"
194,DISP Metaku Spongie 7500 Puffs - Cherry Lemon,"Cherry, Lemon, Fruit"
195,DISP Metaku Spongie 7500 Puffs - Cherry Strawberry Raspberry,"Cherry, Strawberry, Raspberry, Fruit"
196,DISP Metaku Spongie 7500 Puffs - Green Apple Ice,"Green Apple, Ice, Apple, Sour Apple, Menthol"
197,DISP Metaku Spongie 7500 Puffs - Gum Mint,"Mint, Gum, Spearmint, Ice, Menthol"
198,DISP Metaku Spongie 7500 Puffs - Meta Grape,"Grape, Fruit"
199,DISP Metaku Spongie 7500 Puffs - Strawberry Kiwi,"Strawberry, Kiwi, Fruit"
200,DISP Metaku Spongie 7500 Puffs - Strawberry Peach Mint,"Strawberry, Peach, Mint, Ice, Menthol, Fruit"
201,DISP Metaku Spongie 7500 Puffs - Strawberry Watermelon Bubblegum,"Strawberry, Watermelon, Bubblegum, Fruit, Candy"
202,DISP Metaku Spongie 7500 Puffs - Watermelon Ice,"Watermelon, Ice, Menthol, Fruit, Lush Ice"
203,DISP Metaku Spongie 7500 Puffs - Cherry Ice,"Cherry, Ice, Menthol, Fruit"
204,DISP Metaku Spongie 7500 Puffs - Strawberry Ice,"Strawberry, Ice, Menthol, Fruit"
205,DISP Metaku Spongie 7500 Puffs - Peach Ice,"Peach, Ice, Sweet, Menthol, Fruit"
206,DISP Metaku Spongie 7500 Puffs - Blue Razz Lemon,"Blue Razz, Blue Raspberry, Fruit, Candy, Lemon"
207,DISP Metaku Spongie 7500 Puffs - Lemon Lime,"Lemon, Lime, Fruit, Citrus"
208,DISP MINT by MNKE Bars 6500 Puffs 5% Cucumber Mint,"Cucumber, Mint, Ice Menthol"
209,DISP MINT by MNKE Bars 6500 Puffs 5% Fresh Mint,"Mint, Ice, Menthol, Spearmint"
210,DISP MINT by MNKE Bars 6500 Puffs 5% Pineapple Mint,"Pineapple, Mint, Ice, Menthol"
211,DISP MINT by MNKE Bars 6500 Puffs 5% Raspberry Mint,"Mint, Raspberry, Fruit"
212,DISP MINT by MNKE Bars 6500 Puffs 5% Spearmint,"Mint, Spearmint, Ice, Menthol"
213,DISP MINT by MNKE Bars 6500 Puffs 5% Strawberry Mint,"Mint, Strawberry, Menthol, Ice, Fruit"
214,DISP Nicless Next 0% NICOTINE FREE - Blue Razz Lemonade,"Blue Razz, Lemonade, Blue Raspberry, Candy, Fruit"
215,DISP Nicless Next 0% NICOTINE FREE - Cherry Lemonade,"Cherry, Lemonade, Fruit"
216,DISP Nicless Next 0% NICOTINE FREE - Cool Mint,"Mint, Cool, Ice, Menthol"
217,DISP Nicless Next 0% NICOTINE FREE - Pink Lemonade,"Citrus, Lemonade, Lemon, Strawberry, Fruit"
218,DISP Nicless Next 0% NICOTINE FREE - Raspberry Lemonade,"Raspberry, Lemonade, Lemon, Fruit"
219,DISP Nicless Next 0% NICOTINE FREE - Spearmint,"Mint, Spearmint, Ice, Menthol"
220,DISP Nicless Next 0% NICOTINE FREE - Watermelon Mango,"Watermelon, Mango, Fruit"
221,DISP Nicless Stick + Disposable 0% NICOTINE FREE - Banana Ice,"Banana, Ice, Menthol, Fruit"
222,DISP Nicless Stick + Disposable 0% NICOTINE FREE - Blue Razz Lemonade,"Blue Razz, Lemonade, Blue Raspberry, Candy, Fruit, Lemon"
223,DISP Nicless Stick + Disposable 0% NICOTINE FREE - Clear,"Flavorless, Mint, Ice, Menthol"
224,DISP Nicless Stick + Disposable 0% NICOTINE FREE - Cool Mint,"Mint, Cool, Ice, Menthol"
225,DISP Nicless Stick + Disposable 0% NICOTINE FREE - Kiwi Strawberry,"Kiwi, Strawberry, Fruit"
226,DISP Nicless Stick + Disposable 0% NICOTINE FREE - Lush Ice,"Watermelon, Ice, Menthol, Fruit, Lush Ice"
227,DISP Nicless Stick + Disposable 0% NICOTINE FREE - Menthol,"Menthol, Ice"
228,DISP Nicless Stick + Disposable 0% NICOTINE FREE - Peach Gummy Bear,"Peach, Gummy, Sweet, Candy, Fruit"
229,DISP Nicless Stick + Disposable 0% NICOTINE FREE - Pink Lemonade,"Citrus, Lemonade, Lemon, Strawberry, Fruit"
230,DISP Nicless Stick + Disposable 0% NICOTINE FREE - Spearmint,"Spearmint, Mint, Ice, Menthol"
231,DISP Nicless Stick + Disposable 0% NICOTINE FREE - Strawberry Banana,"Strawberry, Banana, Fruit"
232,DISP Nicless Stick + Disposable 0% NICOTINE FREE - Watermelon Mango,"Watermelon, Mango, Fruit"
233,DISP RAZ CA6000 5% Alaskan Mint,"Mint, Ice, Menthol"
234,DISP RAZ CA6000 5% Blue Raz Ice,"Blue Raspberry, Ice, Blue Razz, Menthol, Fruit, Candy"
235,DISP RAZ CA6000 5% Cactus Jack,"Cactus, Pineapple, Mango, Papaya, Guava, Fruit, Tropical"
236,DISP RAZ CA6000 5% Crushed Berries,"Berry, Blackberry, Strawberry, Fruit"
237,DISP RAZ CA6000 5% Dragonfruit Lemonade,"Dragonfruit, Lemonade, Lemon, Fruit"
238,DISP RAZ CA6000 5% Frozen Strawberry,"Strawberry, Ice, Menthol, Fruit"
239,DISP RAZ CA6000 5% Fuji Blue Raz,"Blue Raspberry, Blue Razz, Apple, Fruit"
240,DISP RAZ CA6000 5% Lemon Lime,"Lemon, Lime, Citrus"
241,DISP RAZ CA6000 5% Miami Mint,"Mint, Citrus, Lemon, Lime, Ice, Menthol"
242,DISP RAZ CA6000 5% Peach Pear,"Peach, Pear, Fruit"
243,DISP RAZ CA6000 5% Strawberry Kiwi,"Strawberry, Kiwi, Fruit"
244,DISP RAZ CA6000 5% Strazz,"Strawberry, Raspberry, Fruit"
245,DISP RAZ CA6000 5% Tobacco,Tobacco
246,DISP RAZ CA6000 5% Watermelon Ice,"Watermelon, Ice, Menthol, Fruit, Lush Ice"
247,DISP RAZ TN9000 5% Apple Cinnamon,"Apple, Cinnamon, Apple Pie, Dessert"
248,DISP RAZ TN9000 5% Blue Raz Ice,"Blue Rasberry, Ice, Blue Razz, Menthol"
249,DISP RAZ TN9000 5% Blueberry Watermelon,"Blueberry, Watermelon, Fruit"
250,DISP RAZ TN9000 5% Cactus Jack,"Cactus, Pineapple, Mango, Papaya, Guava, Fruit, Tropical"
251,DISP RAZ TN9000 5% Cherry Lemon,"Cherry, Lemon, Fruit"
252,DISP RAZ TN9000 5% Citronnade,"Citrus, Lemon, Lemonade"
253,DISP RAZ TN9000 5% Dragon Fruit Lemonade,"Dragon Fruit, Lemonade, Fruit, Lemon"
254,DISP RAZ TN9000 5% Graham Twist,"Graham, Honey, Dessert"
255,DISP RAZ TN9000 5% Grape Ice,"Grape, Ice, Menthol"
256,DISP RAZ TN9000 5% Mango Colada,"Mango, Coconut, Pineapple, Fruit"
257,DISP RAZ TN9000 5% Miami Mint,"Mint, Citrus, Lemon, Lime, Ice, Menthol"
258,DISP RAZ TN9000 5% Night Crawler,"Mystery, Gummy Worm, Candy, Fruit"
259,DISP RAZ TN9000 5% Polar Ice,"Mint, Cool, Ice, Menthol"
260,DISP RAZ TN9000 5% Pumpkin Pie Frosting,"Pumpkin, Cinnamon, Graham, Frosting, Ice, Vanilla, Dessert"
261,DISP RAZ TN9000 5% Strawberry Ice,"Strawberry, Ice, Menthol, Fruit"
262,DISP RAZ TN9000 5% Strawberry Shortcake,"Strawberry, Cake, Cream, Vanilla, Dessert"
263,DISP RAZ TN9000 5% Triple Berry Ice,"Raspberry, Blueberry, Blackberry, Fruit"
264,DISP RAZ TN9000 5% Watermelon Ice,"Watermelon, Ice, Menthol, Fruit, Lush Ice"
265,DISP Tyson 2.0 Heavy Weight 7000 Puffs - Apple Gummies,"Apple, Green Apple, Sour Apple, Gummy, Candy, Fruit"
266,DISP Tyson 2.0 Heavy Weight 7000 Puffs - Blue Razz,"Blue Razz, Blue Raspberry, Camdy, Fruit"
267,DISP Tyson 2.0 Heavy Weight 7000 Puffs - Cherry Berry,"Cherry, Berry, Mixed Berry, Strawberry, BLueberry, Raspberry, Blackberry, Fruit"
268,DISP Tyson 2.0 Heavy Weight 7000 Puffs - Coconut,Coconut
269,DISP Tyson 2.0 Heavy Weight 7000 Puffs - Cool Mint,"Mint, Cool, Ice, Menthol"
270,DISP Tyson 2.0 Heavy Weight 7000 Puffs - Frozen Banana,"Banana, Ice, Menthol, Fruit"
271,DISP Tyson 2.0 Heavy Weight 7000 Puffs - Frozen Blueberry,"Blueberry, Ice, Menthol, Fruit"
272,DISP Tyson 2.0 Heavy Weight 7000 Puffs - Frozen Grape,"Grape, Ice, Menthol, Fruit"
273,DISP Tyson 2.0 Heavy Weight 7000 Puffs - Frozen Mango,"Mango, Ice, Menthol, Fruit"
274,DISP Tyson 2.0 Heavy Weight 7000 Puffs - Frozen Peach,"Peach, Ice, Menthol, Fruit"
275,DISP Tyson 2.0 Heavy Weight 7000 Puffs - Frozen Strawberry,"Strawberry, Ice, Menthol, Fruit"
276,DISP Tyson 2.0 Heavy Weight 7000 Puffs - Grape Razz,"Grape, Blue Razz, Blue Raspberry, Raspberry, Fruit"
277,DISP Tyson 2.0 Heavy Weight 7000 Puffs - Melon Head,"Watermelon, Honeydew, Cantaloupe, Fruit, Melon"
278,DISP Tyson 2.0 Heavy Weight 7000 Puffs - Mint Berry,"Mint, Berry, Strawberry, Blueberry, Raspberry, Blackberry, Fruit, Ice, Menthol"
279,DISP Tyson 2.0 Heavy Weight 7000 Puffs - Orange Soda,"Orange, Fruit"
280,DISP Tyson 2.0 Heavy Weight 7000 Puffs - Passion Pom,"Passionfruit, Pomegranate, Fruit"
281,DISP Tyson 2.0 Heavy Weight 7000 Puffs - Peach Watermelon,"Peach, Watermelon, Fruit"
282,DISP Tyson 2.0 Heavy Weight 7000 Puffs - Pineapple Kiwiberry,"Pineapple, Kiwi, Berry, Tropical, Fruit"
283,DISP Tyson 2.0 Heavy Weight 7000 Puffs - Pineapple Mango,"Pineapple, Mango, Fruit"
284,DISP Tyson 2.0 Heavy Weight 7000 Puffs - Raspberry Watermelon,"Raspberry, Watermelon, Fruit"
285,DISP Tyson 2.0 Heavy Weight 7000 Puffs - Strawberry Banana,"Strawberry, Banana, Fruit"
286,DISP Tyson 2.0 Heavy Weight 7000 Puffs - Strawberry Watermelon,"Strawberry, Watermelon, Fruit"
287,DISP Tyson 2.0 Heavy Weight 7000 Puffs - Tobacco,Tobacco
288,DISP Tyson 2.0 Heavy Weight 7000 Puffs - Watermelon,"Watermelon, Fruit"
289,DISP Tyson 2.0 Heavy Weight 7000 Puffs - Watermelon Bubble Gum,"Watermelon, Bubblegum, Fruit, Candy"
290,DISP UWell Caliburn Bar B6000 5% Blue Razz Ice,"Blue Razz, Ice, Blue Raspberry, Menthol, Fruit, Candy"
291,DISP UWell Caliburn Bar B6000 5% Cool Mint,"Mint, Ice, Menthol"
292,DISP UWell Caliburn Bar B6000 5% Dragon Fruit Berry,"Dragon Fruit, Berry, Mixed Berry, Strawberry, Blueberry, Raspberry"
293,DISP UWell Caliburn Bar B6000 5% Grape Ice,"Grape, Ice, Fruit, Menthol"
294,DISP UWell Caliburn Bar B6000 5% Peach Soda,"Peach, Fruit"
295,DISP UWell Caliburn Bar B6000 5% Strawberry Banana,"Strawberry, Banana, Fruit"
296,DISP Yaya Go Tobacco Free Nicotine 1600 Puffs By TVL Banana Bread,"Banana, Dessert, Cake"
297,DISP Yogi Bars 5% 8000 - Apple Cinnamon,"Apple, Cinnamon, Granola, Dessert, Honey"
298,DISP Yogi Bars 5% 8000 - Blueberry,"Blueberry, Granola, Honey, Dessert"
299,DISP Yogi Bars 5% 8000 - Java,"Coffee, Chocolate, Granola, Honey, Dessert"
300,DISP Yogi Bars 5% 8000 - Original,"Honey, Granola, Dessert"
301,DISP Yogi Bars 5% 8000 - Peanut Butter,"Peanut Butter, Granola, Honey, Dessert"
302,DISP Yogi Bars 5% 8000 - Strawberry,"Strawberry, Granola, Honey Dessert"
303,DISP Yogi Bars 5% 8000 - Vanilla Tobacco,"Vanilla, Tobacco. Granola, Honey, Dessert"
304,SALT 7 Daze Fusion Banana Cantaloupe Honeydew,"Banana, Cantaloupe, Honeydew, Fruit"
305,SALT 7 Daze Fusion Grape Apple Aloe,"Grape, Apple, Aloe, Fruit"
306,SALT 7 Daze Fusion Grapefruit Orange Mango,"Grapefruit, Orange, Mango, Fruit"
307,SALT 7 Daze Fusion Kiwi Passionfruit Guava,"Kiwi, Passionfruit, Guava, Fruit"
308,SALT 7 Daze Fusion Lemon Passionfruit Blueberry,"Lemon, Passionfruit, Blueberry, Fruit"
309,SALT 7 Daze Fusion Orange Cream Mango,"Orange, Cream, Mango, Fruit, Vanilla"
310,SALT 7 Daze Fusion Orange Yuzu Tangerine,"Orange, Yuzu, Tangerine, Fruit"
311,SALT 7 Daze Fusion Pineapple Coconut Banana,"Pineapple, Coconut, Banana, Fruit, Pina Colada"
312,SALT 7 Daze Fusion Pineapple Mango Orange,"Pineapple, Mango, Orange, Fruit"
313,SALT 7 Daze Fusion Raspberry Green Apple Watermelon,"Raspberry, Green Apple, Watermelon, Fruit"
314,SALT 7 Daze Fusion Strawberry Banana Apple,"Strawberry, Banana, Apple, Fruit"
315,SALT 7 Daze Fusion Strawberry Blackberry Lemon,"Strawberry, Blackberry, Lemon, Fruit"
316,SALT 7 Daze Fusion Strawberry Mango Nectarine,"Strawberry, Mango, Nectarine, Fruit"
317,SALT 7 Daze Fusion Watermelon Apple Pear,"Watermelon, Apple, Pear, Fruit"
318,SALT 7 Daze Fusion Yellow Green Red Mango,"Mango, Fruit"
319,SALT 7 Daze Glacial Mint,"Mint, Cool, Ice, Menthol"
320,SALT 7 Daze Iced Fusion Banana Cantaloupe Honeydew Iced,"Banana, Cantaloupe, Honeydew, Iced, Fruit, Menthol"
321,SALT 7 Daze Iced Fusion Grape Apple Aloe Iced Iced,"Grape, Apple, Aloe, Ice, Fruit, Menthol"
322,SALT 7 Daze Iced Fusion Grapefruit Orange Mango Iced,"Grapefruit, Orange, Mango, Fruit, Ice, Menthol"
323,SALT 7 Daze Iced Fusion Kiwi Passionfruit Guava Iced,"Kiwi, Passionfruit, Guava, Ice, Menthol, Fruit"
324,SALT 7 Daze Iced Fusion Lemon Passionfruit Blueberry Iced,"Lemon, Passionfruit, Blueberry, Fruit, Ice, Menthol"
325,SALT 7 Daze Iced Fusion Orange Cream Mango Iced,"Orange, Cream, Mango, Ice, Fruit, Menthol"
326,SALT 7 Daze Iced Fusion Orange Yuzu Tangerine Iced,"Orange, Yuzu, Tangerine, Fruit, Ice, Menthol"
327,SALT 7 Daze Iced Fusion Pineapple Coconut Banana Iced,"Pineapple, Coconut, Banana, Fruit, Pina Colada, Ice, Menthol"
328,SALT 7 Daze Iced Fusion Pineapple Mango Orange Iced,"Pineapple, Mango, Orange, Fruit, Ice, Menthol"
329,SALT 7 Daze Iced Fusion Raspberry Green Apple Watermelon Iced,"Raspberry, Green Apple, Watermelon, Ice, Fruit, Menthol"
330,SALT 7 Daze Iced Fusion Strawberry Banana Apple Iced,"Strawberry, Banana, Apple, Fruit, Ice, Menthol"
331,SALT 7 Daze Iced Fusion Strawberry Blackberry Lemon Iced,"Strawberry, Blackberry, Lemon, Fruit, Ice, Menthol"
332,SALT 7 Daze Iced Fusion Strawberry Mango Nectarine Iced,"Strawberry, Mango, Nectarine, Fruit, Ice, Menthol"
333,SALT 7 Daze Iced Fusion Watermelon Apple Pear Iced,"Watermelon, Apple, Pear, Melon, Fruit, Ice, Menthol"
334,SALT 7 Daze Iced Fusion Yellow Green Red Mango Iced,"Mango, Ice, Fruit, Menthol"
335,SALT 7 Daze Reds Apple Berries,"Apple, Berry, Blueberry, Raspberry, Pomegranate, Fruit"
336,SALT 7 Daze Reds Apple Fruit Mix,"Apple, Fruit, Orange, Pineapple, Passionfruit"
337,SALT 7 Daze Reds Apple Gold Kiwi,"Apple, Kiwi, Fruit"
338,SALT 7 Daze Reds Apple Gold Kiwi Iced,"Apple, Kiwi, Ice, Fruit, Menthol"
339,SALT 7 Daze Reds Apple Grape,"Apple, Grape, Fruit"
340,SALT 7 Daze Reds Apple Guava,"Apple, Guava, Fruit, Tropical"
341,SALT 7 Daze Reds Apple Mango,"Apple, Mango, Fruit, Tropical"
342,SALT 7 Daze Reds Apple Original,"Apple, Red Apple, Fruit"
343,SALT 7 Daze Reds Apple Peach,"Apple, Peach, Fruit"
344,SALT 7 Daze Reds Apple Strawberry,"Apple, Strawberry, Fruit"
345,SALT 7 Daze Reds Apple Watermelon,"Apple, Watermelon, Fruit"
346,SALT 7 Daze Reds Iced Apple Berries Iced,"Apple, Berry, Ice, Blueberry, Raspberry, Pomegranate, Fruit, Menthol"
347,SALT 7 Daze Reds Iced Apple Fruit Mix Iced,"Apple, Orange, Pineapple, Passionfruit, Fruit, Menthol, Ice"
348,SALT 7 Daze Reds Iced Apple Grape Iced,"Apple, Grape, Ice, Menthol, Fruit"
349,SALT 7 Daze Reds Iced Apple Original Iced,"Apple, Red Apple, Ice, Menthol, Fruit"
350,SALT 7 Daze Reds Iced Apple Peach Iced,"Apple, Peach, Ice, Fruit, Menthol"
351,SALT 7 Daze Reds Iced Apple Strawberry Iced,"Apple, Strawberry, Ice, Fruit, Menthol"
352,SALT 7 Daze Reds Iced Apple Watermelon Iced,"Apple, Watermelon, Ice, Fruit, Menthol"
353,SALT 7Daze Iced Slapple Iced,"Apple, Blue Razz, Blue Raspberry, Ice, Menthol, Fruit, Candy"
354,SALT 7Daze Slapple,"Apple, Blue Razz, Blue Raspberry, Fruit, Candy"
355,SALT Air Factory Bold Tobacco,Tobacco
356,SALT Air Factory Menthol,"Menthol, Ice"
357,SALT Air Factory Mint,"Mint, Ice, Menthol"
358,SALT Air Factory Tobacco,Tobacco
359,SALT Alt Zero Just Blues,"Blue, Candy, Blueberry, Blue Razz, Blue Raspberry, Fruit"
360,SALT Alt Zero Just Reds,"Red, Candy, Strawberry, Watermelon, Cherry, Fruit Punch, Fruit, Raspberry"
361,SALT Alt Zero Paradox,"Grape, Citrus, Blackberry, Fruit"
362,SALT Alt Zero Paradox on the Rocks,"Grape, Citrus, Blackberry, Ice, Fruit, Menthol"
363,SALT Bad Drip Bad Blood,"Blueberry, Pomegranate, Vanilla, Fruit, Creamy"
364,SALT Bad Drip Cereal Trip,"Cereal, Fruity, Fruit Loops, Milk, Dessert"
365,SALT Bad Drip Don't Care Bear,"Fruit, Candy, Pear, Peach, Gummy"
366,SALT Bad Drip Drooly,"Grape, Berry, Candy, Fruit"
367,SALT Bad Drip Farley's Gnarly Sauce,"Strawberrry, Kiwi, Bubblegum, Candy, Fruit"
368,SALT Bad Drip God Nectar,"Passionfruit, Orange, Mango, Guava, Fruit, Tropical"
369,SALT Bad Drip Ugly Butter,"Cinnamon, Sugar, Cinnamon Sugar, Banana, Fried Dough, Dessert"
370,SALT Barista Brew Salted Caramel Macchiato,"Caramel, Coffee, Espresso, Cream, Dessert"
371,SALT Beard #00 0030,"Tobacco, Espresso, Coffee, Caramel, Dessert"
372,SALT Beard #00 0050,"Tobacco, Espresso, Coffee, Caramel, Dessert"
373,SALT Beard #32 3230,"Vanilla, Funnel Cake, Cake, Cinnamon, Sugar, Dessert"
374,SALT Beard #32 3250,"Vanilla, Funnel Cake, Cake, Cinnamon, Sugar, Dessert"
375,SALT Beard The Salty One Apple Cereal Donut Milk,"Apple, Cereal, Donut, Milk, Dessert, Cinnamon"
376,SALT Beard The Salty One Stawberry Cereal Donut Milk,"Stawberry, Donut, Milk, Dessert"
377,SALT Bluebird Bluebird,"Blueberry, Cheesecake, Dessert"
378,SALT Bluebird Redbird,"Strawberry, Cheesecake, Dessert"
379,SALT Bluebird Saltybird,"Marshmallow, Cereal, Lucky Charms, Milk, Dessert"
380,SALT Brewed Awakening Classic,"Coffee, Caramel, Hazelnut, Cream, Dessert"
381,SALT Candy King Batch,"Sour Patch Kids, Candy, Orange, Cherry, Lemon, Lime, Fruit"
382,SALT Candy King Cola Gummies,"Cola, Gummy, Candy"
383,SALT Candy King Gush,"Gushers, Candy, Gummy, Blueberry, Raspberry, Strawberry, Green Apple, Orange, Fruit"
384,SALT Candy King Jaws,"Gummy, Candy, Blue Raspberry, Blue Razz, Vanilla, Cream"
385,SALT Candy King Peachy Rings,"Peach, Candy, Gummy, Fruit"
386,SALT Candy King Pink Squares,"Strawberry, Candy, Starburst, Fruit"
387,SALT Candy King Strawberry Watermelon Bubblegum,"Strawberry, Watermelon, Bubblegum, Candy, Fruit"
388,SALT Candy King Swedish,"Swedish Fish, Candy, Gummy, Strawberry, Raspberry, Fruit"
389,SALT Candy King Worms,"Gummy Worms, Gummy, Candy, Orange, Lime, Lemon, Strawberry, Cherry, Raspberry, Fruit"
390,SALT Cassadega Cannoli Be Breakfast,"Cannoli, Cream, Fruit Loops, Cereal, Dessert"
391,SALT Cassadega Cannoli Be Cookie,"Cannoli, Cream, Oreo, Cookie, Dessert"
392,SALT Cassadega Cannoli Be Graham,"Cannoli, Graham, Cream, Dessert"
393,SALT Cassadega Cannoli Be Mine,"Cannoli, Cream, Strawberry, Dessert"
394,SALT Cassadega Cannoli Be Nuts,"Cannoli, Cream, Pistachio, Nuts, Dessert"
395,SALT Cassadega Cannoli Be One,"Cannoli, Cream, Vanilla, Dessert"
396,SALT Chubby Vapes Purp,"Grape, Bubblegum, Candy, Fruit"
397,SALT Chubby Vapes Strawberry,"Strawberry, Bubblegum, Candy, Fruit"
398,SALT Cloud Chemist Cereal Science,"Cereal, Milk, Berry, Strawberry, Blueberry, Raspberry, Dessert"
399,SALT Cloud Chemist Claws,"Caramel, Green Apple, Apple, Pastrey, Dessert"
400,SALT Cloud Chemist Frosty Science,"Frosted Flakes, Cereal, Milk, Dessert"
401,SALT Cloud Chemist Frosty Science Blueberry,"Blueberry, Frosted Flakes, Cereal, Milk, Dessert"
402,SALT Cloud Chemist Frosty Science Strawberry,"Strawberry, Frosted Flakes, Cereal, Milk, Dessert"
403,SALT Cloud Chemist Heisenberry Crunch,"Blueberry, Cereal, Milk, Dessert"
404,SALT Cloud Chemist Loopy Science,"Fruit Loops, Cereal, Milk, Dessert"
405,SALT Cloud Chemist Pebble Science,"Fruity Pebbles, Cereal, Milk, Dessert"
406,SALT Cloud Chemist The Alchemist,"Cinnamon, Sugar, Cinnamon Sugar, Cinnamon Toast Crunch, Cereal, Milk, Dessert"
407,SALT Cloud Chemist The Final Experiment,"Corn Pops, Maple, Cereal, Milk, Dessert"
408,SALT Cloud Nurdz Blue Raspberry Lemon,"Blue Razz, Blue Raspberry, Lemon, Candy, Fruit"
409,SALT Cloud Nurdz Grape Apple,"Grape, Apple, Green Apple, Candy, Fruit"
410,SALT Cloud Nurdz Grape Strawberry,"Grape, Strawberry, Candy, Fruit"
411,SALT Cloud Nurdz Peach Blue Razz,"Peach, Blue Razz, Blue Raspberry, Fruit, Candy"
412,SALT Cloud Nurdz Watermelon Apple,"Watermelon, Apple, Green Apple, Fruit, Candy"
413,SALT Cloud Nurdz Watermelon Berry,"Watermelon, Berry, Strawberry, Fruit, Candy"
414,SALT Country Clouds Corn Bread Puddin',"Cornbread, Brown Sugar, Maple, Vanilla, Pudding, Dessert"
415,SALT Cuttwood Bird Brains,"Fruit Loops, Cereal, Milk, Dessert"
416,SALT Cuttwood Boss Reserve,"Graham, Milk, Banana, Dessert"
417,SALT Cuttwood Mega Melons,"Melons, Cantaloupe, Papaya, Pineapple, Fruit"
418,SALT Cuttwood Sugar Drizzle,"Cinnamon, Sugar, Cinnamon Sugar, Cereal, Milk, Dessert"
419,SALT Cuttwood Tobacco Trail,"Tobacco, Honey"
420,SALT Cuttwood Unicorn Milk,"Milk, Strawberry, Dessert"
421,SALT Dinner Lady Bubble Gum,"Bubblegum, Candy"
422,SALT Dinner Lady Lemon Tart,"Lemon, Pastrey, Dessert, Custard"
423,SALT Fruitia Apple Kiwi,"Apple, Kiwi, Fruit"
424,SALT Fruitia Apple Kiwi Ice,"Apple, Kiwi, Ice, Menthol, Fruit"
425,SALT Fruitia Banana Ice,"Banana, Ice, Menthol, Fruit"
426,SALT Fruitia Blood Orange Cactus,"Orange, Cactus, Tangerine"
427,SALT Fruitia Jus Apple Bourbon Tobacco,"Apple, Bourbon, Tobacco"
428,SALT Fruitia Jus Blue Raspberry Cotton Candy,"Blue Raspberry, Fruit, Cotton Candy, Blue Razz, Candy"
429,SALT Fruitia Jus Rainbow Ice,"Fruit, Strawberry, Lime, Grape, Lemon, Orange, Skittles, Candy, Ice, Menthol"
430,SALT Fruitia Jus White Grape Ice,"Grape, White Grape, Fruit, Menthol, Ice"
431,SALT Fruitia Passion Fruit Guava,"Passionfruit, Guava, Papaya, Fruit, Tropical"
432,SALT Fruitia Pineapple Citrus,"Pineapple, Citrus, Mango, Fruit"
433,SALT Fruitia Strawberry Coconut,"Strawberry, Coconut, Fruit"
434,SALT Fruitia Strawberry Coconut Refresher,"Strawberry, Coconut, Fruit"
435,SALT Fruitia Sweet Peach,"Peach, Sweet, Strawberry, Fruit"
436,SALT Glas Basix Banana Cream Pie,"Banana, Cream, Vanilla, Pie Crust, Graham, Dessert"
437,SALT Glas Basix Blue Razz,"Blue Raspberry, Fruit, Blue Razz, Candy, Blueberry, Raspberry"
438,SALT Glas Basix Blueberry Cake,"Blueberry, Cake, Sweet, Dessert, Vanilla, Frosting"
439,SALT Glas Basix Brown Tobacco,Tobacco
440,SALT Glas Basix Butterscotch Reserve,"Butterscotch, Sweet, Caramel, Tobacco, Dessert"
441,SALT Glas Basix Carribean Punch,"Pineapple, Apple, Peach, Strawberry, Fruit, Apricot"
442,SALT Glas Basix Cool Melon,"Melon, Cantaloupe, Cucumber, Ice, Menthol"
443,SALT Glas Basix Crystal Clear,"Unflavored, Flavorless, Cool"
444,SALT Glas Basix Fizzy Lemonade,"Lemonade, Lemon, Lime, Pineapple, Ice, Menthol"
445,SALT Gost Vapor The Pancake House Blueberry,"Blueberry, Pancake, Maple, Dessert"
446,SALT Gost Vapor The Pancake House Caramelized Apple,"Pancake, Caramel, Apple, Green Apple, Maple, Dessert"
447,SALT Gost Vapor The Pancake House Golden Maple,"Pancake, Maple, Butter, Dessert"
448,SALT Gost Vapor The Pancake House Strawberry,"Strawberry, Pancake, Maple, Dessert"
449,SALT Innevape Carousel,"Mystery, Cotton Candy, Candy, Fruit"
450,SALT Innevape Chill Out,"Green Apple, Apple, Menthol, Ice"
451,SALT Innevape The Berg,"Blue Raspberry, Fruit, Blue Razz, Candy"
452,SALT Innevape The Berg Menthol,"Blue Raspberry, Fruit, Blue Razz, Candy, Ice, Menthol"
453,SALT Innevape Vape My Day,"Caramel, Hazelnut, Butterscotch, Waffle, Dessert"
454,SALT Juice Head Freeze Blueberry Lemon,"Blueberry, Lemon, Ice, Menthol, Fruit"
455,SALT Juice Head Freeze Guava Peach,"Guava, Peach, Ice, Menthol, Fruit"
456,SALT Juice Head Freeze Mango Strawberry,"Mango, Strawberry, Ice, Menthol, Fruit"
457,SALT Juice Head Freeze Orange Mango,"Orange, Mango, Ice, Menthol, Fruit"
458,SALT Juice Head Freeze Peach Pear,"Peach, Pear, Ice, Menthol, Fruit"
459,SALT Juice Head Freeze Pineapple Grapefruit,"Pineapple, Grapefruit, Ice, Menthol, Fruit"
460,SALT Juice Head Freeze Pineapple Guava,"Pineapple, Guava, Ice, Menthol, Fruit"
461,SALT Juice Head Freeze Raspberry Lemonade,"Raspberry, Lemon, Lemonade, Ice, Menthol, Fruit"
462,SALT Juice Head Freeze Strawberry Kiwi,"Strawberry, Kiwi, Ice, Menthol, Fruit"
463,SALT Juice Head Freeze Watermelon Lime,"Watermelon, Lime, Ice, Menthol, Fruit"
464,SALT Juice Head R Blueberry Lemon,"Blueberry, Lemon, Fruit"
465,SALT Juice Head R Guava Peach,"Guava, Peach, Fruit"
466,SALT Juice Head R Mango Strawberry,"Mango, Strawberry, Fruit"
467,SALT Juice Head R Orange Mango,"Orange, Mango, Fruit"
468,SALT Juice Head R Peach Pear,"Peach, Pear, Fruit"
469,SALT Juice Head R Pineapple Grapefruit,"Pineapple, Grapefruit, Fruit"
470,SALT Juice Head R Pineapple Guava,"Pineapple, Guava, Fruit"
471,SALT Juice Head R Raspberry Lemonade,"Raspberry, Lemon, Lemonade, Fruit"
472,SALT Juice Head R Strawberry Kiwi,"Strawberry, Kiwi, Fruit"
473,SALT Juice Head R Watermelon Lime,"Watermelon, Lime, Fruit"
474,SALT Kaleidoscopic Clouds Looking Glass,"Strawberry, Kiwi, Watermelon, Candy, Fruit"
475,SALT Kaleidoscopic Clouds Optical Illusion,"Mango, Melon, Fruit, Candy"
476,SALT Kaleidoscopic Clouds Ruby's Eyes,"Raspberry, Pomagranate, Candy, Fruit"
477,SALT Kaleidoscopic Clouds Sunrise / Sunset,"Peach, Melon, Fruit"
478,SALT Kaleidoscopic Clouds Sunset / Sunrise,"Raspberry, Orange, Fruit"
479,SALT Keep it 100 Nana Foster,"Banana, Cinnamon, Sugar, Cinnamon Sugar, Vanilla, Dessert"
480,SALT Keep it 100 OG Blue,"Blue Raspberry, Fruit, Blue Razz, Candy, Strawberry"
481,SALT Keep it 100 OG Pink,"Strawberry, Fruit, Candy"
482,SALT Keep it 100 OG Summer Blue,"Blue Raspberry, Fruit, Blue Razz, Candy, Raspberry, Strawberry, Lemon, Lemonade"
483,SALT Khali Devil's Punchbowl,"Guava, Peach, Fruit, Fruit Punch, Hawaiian Punch"
484,SALT Khali Devil's Punchbowl Ice,"Guava, Peach, Fruit, Fruit Punch, Hawaiian Punch, Ice, Menthol"
485,SALT Khali The Fairmont,"Pineapple, Cream, Vanilla, Dessert"
486,SALT Killer Fruits By Vapetasia Blue Razz,"Blue Raspberry, Fruit, Blue Razz, Candy"
487,SALT Killer Fruits By Vapetasia Trapple,"Triple Apple, Golden Apple, Red Apple, Green Apple, Apple, Fruit"
488,SALT Lost Art Grape White,"White Grape, Grape, Fruit"
489,SALT Met4 Fair Grounds,"Deep Fried Twinkie, Twinkie, Cream Cake, Dessert, Vanilla"
490,SALT Met4 Golden Ticket,"Chocolate, Milk, Chocolate Milk, Dessert"
491,SALT Mighty Vapors Frozen Hulk Tears,"Green Apple, Apple, Menthol, Ice, Watermelon, Strawberry, Candy, Fruit"
492,SALT Mighty Vapors Hulk Tears,"Green Apple, Apple, Watermelon, Strawberry, Candy, Fruit"
493,SALT Mighty Vapors Super Mint,"Mint, Spearmint, Menthol, Ice"
494,SALT ML Custard Monster Banana,"Banana, Cream, Custard, Dessert, Sweet"
495,SALT ML Custard Monster Blackberry,"Sweet, Blackberry, Custard, Cream, Dessert"
496,SALT ML Custard Monster Blueberry,"Sweet, Blueberry, Custard, Cream, Dessert"
497,SALT ML Custard Monster Butterscotch,"Sweet, Butterscotch, Custard, Cream, Dessert"
498,SALT ML Custard Monster Gingerbread,"Sweet, Gingerbread, Custard, Cream, Dessert"
499,SALT ML Custard Monster Mixed Berry,"Sweet, Mixed Berry, Strawberry, Blackberry, Blueberry, Cream, Dessert, Custard, Raspberry"
500,SALT ML Custard Monster Strawberry,"Strawberry, Custard, Sweet, Cream, Dessert"
501,SALT ML Custard Monster Vanilla,"Vanilla, Custard, Sweet, Cream, Dessert"
502,SALT ML Frozen Fruit Monster Banana Ice,"Banana, Ice, Menthol, Fruit"
503,SALT ML Frozen Fruit Monster Black Cherry Ice,"Cherry, Ice, Menthol, Fruit"
504,SALT ML Frozen Fruit Monster Blueberry Raspberry Lemon Ice,"Blueberry, Raspberry, Lemon, Ice, Menthol, Fruit"
505,SALT ML Frozen Fruit Monster Mango Peach Guava Ice,"Mango, Peach, Guava, Fruit, Menthol, Ice"
506,SALT ML Frozen Fruit Monster Mixed Berry Ice,"Berry, Fruit, Mixed Berry, Strawberry, Blackberry, Blueberry, Raspberry, Ice, Menthol"
507,SALT ML Frozen Fruit Monster Passionfruit Orange Guava Ice,"Passionfruit, Orange, Guava, Ice, Menthol, Fruit"
508,SALT ML Frozen Fruit Monster Strawberry Banana Ice,"Strawberry, Banana, Ice, Menthol, Fruit"
509,SALT ML Frozen Fruit Monster Strawberry Kiwi Pomegranate Ice,"Strawberry, Kiwi, Pomegranate, Ice, Menthol, Fruit"
510,SALT ML Frozen Fruit Monster Strawberry Lime Ice,"Strawberry, Lime, Ice, Fruit, Menthol"
511,SALT ML Fruit Monster Black Cherry,"Cherry, Fruit"
512,SALT ML Fruit Monster Blueberry Raspberry Lemon,"Blueberry, Raspberry, Lemon, Fruit"
513,SALT ML Fruit Monster Mango Peach Guava,"Mango, Peach, Guava, Fruit"
514,SALT ML Fruit Monster Mixed Berry,"Raspberry, Blueberry, Strawberry, Blackberry, Fruit"
515,SALT ML Fruit Monster Passionfruit Orange Guava,"Passionfruit, Orange, Guava, Fruit, Tropical"
516,SALT ML Fruit Monster Strawberry Banana,"Strawberry, Banana, Fruit"
517,SALT ML Fruit Monster Strawberry Kiwi Pomegranate,"Strawberry, Kiwi, Pomegranate, Fruit"
518,SALT ML Fruit Monster Strawberry Lime,"Strawberry, Lime, Fruit"
519,SALT ML Jam Monster Banana,"Banana, Jam, Butter, Toast, Dessert"
520,SALT ML Jam Monster Black Cherry,"Cherry, Jam, Butter, Toast, Dessert"
521,SALT ML Jam Monster Blackberry,"Blackberry, Jam, Butter, Toast, Dessert"
522,SALT ML Jam Monster Blueberry,"Blueberry, Jam, Butter, Toast, Dessert"
523,SALT ML Jam Monster Grape,"Grape, Jam, Butter, Toast, Dessert"
524,SALT ML Jam Monster Mixed Berry,"Strawberry, Blackberry, Blueberry, Raspberry, Mixed Berry, Jam, Butter, Toast, Dessert"
525,SALT ML Jam Monster PB & Banana,"Peanut, Peanut Butter, Banana, Jam, Dessert"
526,SALT ML Jam Monster PB & Grape,"Peanut, Peanut Butter, Grape, Jam, Dessert"
527,SALT ML Jam Monster PB & Strawberry,"Peanut, Peanut Butter, Strawberry, Jam, Dessert"
528,SALT ML Jam Monster Peach,"Peach, Jam, Butter, Toast, Dessert"
529,SALT ML Jam Monster Raspberry,"Raspberry, Jam, Butter, Toast, Dessert"
530,SALT ML Jam Monster Strawberry,"Strawberry, Jam, Butter, Toast, Dessert"
531,SALT ML Lemonade Monster Blueberry Lemonade,"Blueberry, Lemon, Lemonade, Fruit"
532,SALT ML Lemonade Monster Mango Lemonade,"Mango, Lemon, Lemonade, Fruit"
533,SALT ML Lemonade Monster Mint Lemonade,"Mint, Lemon, Lemonade, Spearmint, Ice"
534,SALT ML Lemonade Monster Pink Lemonade,"Lemonade, Lemon, Citrus, Fruit"
535,SALT ML Lemonade Monster Strawberry Lemonade,"Lemon, Lemonade, Strawberry, Fruit"
536,SALT ML Lemonade Monster Watermelon Lemonade,"Lemonade, Lemon, Watermelon, Fruit"
537,SALT ML The Milk Berry Crunch,"Milk, Berry, Strawberry, Blueberry, Raspberry, Cream, Dessert, Cereal"
538,SALT ML The Milk Cinnamon,"Milk, Cinnamon, Cream, Dessert, Cereal"
539,SALT ML The Milk Fruity,"Fruity Pebbles, Cereal, Milk, Cream, Dessert"
540,SALT ML The Milk Jax,"Milk, Apple, Cinnamon, Cream, Dessert, Cereal"
541,SALT ML Tobacco Monster Smooth,"Tobacco, Sweet, Cream"
542,SALT MRKT PLCE Blood Orange Tangoberry,"Blood Orange, Tangerine, Orange, Grapefruit, Blueberry, Fruit"
543,SALT MRKT PLCE Fuji Pear Mangoberry,"Pear, Mango, Apple, Raspberry, Fruit"
544,SALT Naked 100 American Patriot,Tobacco
545,SALT Naked 100 Berry Menthol,"Berry, Blueberry, Blackberry, Raspberry, Menthol, Ice, Fruit"
546,SALT Naked 100 Cuban Blend,"Tobacco, Smooth"
547,SALT Naked 100 Euro Gold,"Tobacco, Light"
548,SALT Naked 100 Hawaiian POG,"Passionfruit, Orange, Guava, Fruit, Tropical"
549,SALT Naked 100 Lava Flow,"Strawberry, Coconut, Pineapple, Pina Colada, Fruit"
550,SALT Naked 100 Mango,"Mango, Peach, Cream, Fruit"
551,SALT Naked 100 Max Apple Ice,"Apple, Ice, Menthol, Fruit"
552,SALT Naked 100 Max Berries Ice,"Blueberry, Blackberry, Raspberry, Ice, Menthol, Fruit"
553,SALT Naked 100 Max Peach Mango Ice,"Peach, Mango, Menthol, Ice, Fruit"
554,SALT Naked 100 Max Pineapple Ice,"Pineapple, Fruit, Ice, Menthol"
555,SALT Naked 100 Max Strawberry Ice,"Strawberry, Fruit, Menthol, Ice"
556,SALT Naked 100 Max Watermelon Ice,"Watermelon, Ice, Fruit, Menthol"
557,SALT Naked 100 Max White Guava Ice,"Guava, Ice, Menthol, Fruit"
558,SALT Naked 100 Melon Kiwi,"Melon, Kiwi, Honeydew, Apple, Fruit"
559,SALT Naked 100 Melon Menthol,"Melon, Menthol, Pineapple, Honeydew, Cantaloupe, Ice, Fruit"
560,SALT Naked 100 Mint Menthol,"Mint, Menthol, Cool, Ice"
561,SALT Naked 100 Really Berry,"Blueberry, Blackberry, Lemon, Fruit"
562,SALT Naked 100 Strawberry Pom Menthol,"Strawberry, Kiwi, Pomegranate, Ice, Menthol, Fruit"
563,SALT Noms Grapenomenon,"Grape, Candy, Fruit"
564,SALT Noms Phenomenon,"Mystery, Fruit, Tropical"
565,SALT Noms Watanomenon,"Watermelon, Fruit, Candy"
566,SALT Noms X2 Cactus Jackfruit Mandarine,"Cactus, Jackfruit, Mandarin, Fruit"
567,SALT Noms X2 Cherry Lime Ginger,"Cherry, Lime, Ginger, Fruit"
568,SALT Noms X2 Kiwi Passion Fruit Nectarine,"Kiwi, Passionfruit, Nectarine, Fruit"
569,SALT Noms X2 White Peach Raspberry,"Peach, Raspberry, Fruit"
570,SALT Pachamama Apple Tobacco,"Apple, Tobacco"
571,SALT Pachamama Black Ice,"Blackberry, Ice, Menthol, Fruit, Cucumber"
572,SALT Pachamama Blue Razz Ice,"Blue Razz, Sweet, Blue Raspberry, Ice, Mint, Candy, Fruit"
573,SALT Pachamama Cherry Limeade,"Cherry, Lime, Lemon, Fruit"
574,SALT Pachamama Frosted Cronut,"Vanilla, Caramel, Donut, Dessert"
575,SALT Pachamama Fuji,"Apple, Strawberry, Nectarine, Fruit"
576,SALT Pachamama Fuji Ice,"Apple, Strawberry, Nectarine, Fruit, Ice, Menthol"
577,SALT Pachamama Golden Peach Pineapple,"Peach, Pineapple, Fruit"
578,SALT Pachamama Honeydew Melon,"Melon, Honeydew, Fruit"
579,SALT Pachamama Icy Mango,"Mango, Ice, Fruit, Menthol"
580,SALT Pachamama Kiwi Berry Ice,"Kiwi, Strawberry, Blueberry, Ice, Menthol, Fruit"
581,SALT Pachamama Kiwi Guava Passionfruit,"Kiwi, Guava, Passionfruit, Fruit"
582,SALT Pachamama Pink Berry Ice,"Berry, Strawberry, Raspberry, Menthol, Ice, Fruit"
583,SALT Pachamama Purple Mango,"Mango, Fruit, Candy"
584,SALT Pachamama Sorbet,"Raspberry, Lemon, Fruit"
585,SALT Pachamama Starfruit Grape,"Starfruit, Grape, Fruit"
586,SALT Pachamama Starfruit Grape Ice,"Starfruit, Grape, Fruit, Ice, Menthol"
587,SALT Pachamama Strawberry Watermelon,"Strawberry, Watermelon, Fruit, Candy"
588,SALT Pachamama Syn Citrus Medley,"Orange, Lemon, Lime, Grapefruit, Fruit, Citrus"
589,SALT Pachamama White Peach Ice,"Peach, Fruit, Menthol, Ice"
590,SALT Pinup Vapors Beach Betty,"Tropical Fruits, Berries, Mixed Fruit, Fruit, Mystery, Pina Colada, Pineapple, Coconut"
591,SALT Pinup Vapors Betty,"Tropical Fruits, Berries, Mixed Fruit, Mystery, Fruit"
592,SALT Pinup Vapors Betty Chill,"Tropical Fruits, Berries, Mixed Fruit, Mystery, Fruit, Ice, Menthol"
593,SALT Pinup Vapors Christie,"Pineapple, Coconut, Pina Colada, Fruit"
594,SALT Pinup Vapors Marilyn,"Vanilla, Caramel, Cream, Butterscotch, Dessert"
595,SALT Pinup Vapors Rita,"Orange, Pineapple, Cherry, Strawberry, Grape, Fruit, Candy, Smarties"
596,SALT Pod Juice Aloe Grape,"Aloe, Grape, Fruit"
597,SALT Pod Juice Aloe Grape Freeze,"Aloe, Grape, Menthol, Ice, Fruit"
598,SALT POD Juice Banana Freeze,"Banana, Fruit, Candy, Ice, Menthol"
599,SALT Pod Juice Blue Razz Freeze,"Blue Raspberry, Blue Razz, Ice, Candy, Fruit, Menthol"
600,SALT Pod Juice Blue Razz Jam,"Blue Raspberry, Jam, Blue Razz, Fruit, Candy"
601,SALT Pod Juice Blue Razz Slushy,"Blue Raspberry, Blue Razz, Slushy, Fruit, Candy"
602,SALT Pod Juice Blue Razz Slushy Freeze,"Blue Raspberry, Blue Razz, Slushy, Fruit, Candy, Ice, Menthol"
603,SALT Pod Juice Cola Freeze,"Cola, Ice, Menthol"
604,SALT Pod Juice Cotton Clouds,"Blue Razz, Blue Raspberry, Strawberry, Vanilla, Cotton Candy, Candy, Fruit"
605,SALT Pod Juice Frozen Strawberry Freeze,"Strawberry, Ice, Menthol"
606,SALT Pod Juice Fruity Bears Freeze,"Fruit, Raspberry, Orange, Strawberry, Pineapple, Lemon, Ice, Menthol"
607,SALT POD Juice Fruity Bears Freeze,"Fruit, Raspberry, Orange, Strawberry, Pineapple, Lemon, Ice, Menthol"
608,SALT Pod Juice Graham Cracker,"Sweet, Cinnamon, Milk, Dessert, Graham"
609,SALT Pod Juice Hawaiian,"Pineapple, Orange, Guava, Fruit"
610,SALT Pod Juice Jewel Mint,"Mint, Ice, Menthol, Spearmint"
611,SALT Pod Juice Jewel Mint Diamond,"Mint, Unsweet, Menthol, Ice"
612,SALT Pod Juice Jewel Mint Ice,"Mint, Menthol, Cool, Ice"
613,SALT Pod Juice Jewel Mint Lush Freeze,"Watermelon, Fruit, Ice, Menthol, Mint"
614,SALT Pod Juice Jewel Mint Sapphire,"Mint, Ice, Menthol, Wintergreen"
615,SALT Pod Juice Loops,"Fruit Loops, Cereal, Milk, Dessert"
616,SALT Pod Juice PJ5000 Jewel Malibu Mint,"Mint, Citrus, Lemon, Lime, Menthol, Orange, Fruit, Ice"
617,SALT Pod Juice PJ5000 Sakura Grape,"Cherry Blossom, Grape, Fruit"
618,SALT Pod Juice Pod Energy Freeze,"Redbull, Energy Drink, Ice, Menthol"
619,SALT Pod Juice Sour Fruity Worms,"Gummy Worms, Gummy, Candy, Orange, Lime, Lemon, Strawberry, Cherry, Raspberry, Fruit"
620,SALT Pod Juice Strawberry Banana,"Strawberry, Banana, Fruit"
621,SALT POD Juice Strawberry Jam,"Strawberry, Jam, Sweet, Fruit"
622,SALT Pod Juice Virginia Tobacco,Tobacco
623,SALT Propaganda Blue Frost,"Blue Raspberry, Blue Razz, Slushy, Fruit, Candy"
624,SALT Propaganda Cookie Butter,"Vanilla, Oatmeal Cookie, Cream, Cookie, Milk, Dessert"
625,SALT Propaganda Illuminati,"Blood Orange, Strawberry, Pineapple, Fruit"
626,SALT Propaganda Wild Fire,"Almond, Chocolate, Cookie, Dessert"
627,SALT Sadboy B Coconut Cake,"Coconut, Cake, Vanilla, Cream, Dessert"
628,SALT Sadboy B Strawberry Cheesecake,"Strawberry, Cheesecake, Cream, Graham, Dessert"
629,SALT Sadboy C Blueberry Cookie,"Blueberry, Cookie, Dessert"
630,SALT Sadboy C Butter Cookie,"Butter, Cookie, Lemon, Dessert"
631,SALT Sadboy C Custard Cookie,"Custard, Vanilla, Cookie, Dessert"
632,SALT Sadboy C Key Lime Cookie,"Lime, Cookie, Key Lime, Dessert"
633,SALT Sadboy C Pumpkin Cookie,"Pumpkin, Cinnamon, Cookie, Dessert, Nutmeg"
634,SALT Sadboy C Shamrock Cookie,"Mint, Cookie, Dessert"
635,SALT Sadboy C Unicorn Tears,"Citrus, Cookie, Dessert"
636,SALT Sadboy F Punch Berry Blood,"Strawberry, Blackberry, Blueberry, Lemon, Raspberry, Lemonade, Candy, Fruit"
637,SALT Sadboy F Rainbow Blood,"Strawberry, Blackberry, Blueberry, Raspberry, Lemonade, Fruit"
638,SALT Sadboy F Strawberry Blood,"Strawberry, Candy, Fruit"
639,SALT Sadboy FI Punch Berry Blood Ice,"Strawberry, Blackberry, Blueberry, Lemon, Raspberry, Lemonade, Candy, Fruit, Ice, Menthol"
640,SALT Sadboy FI Rainbow Blood Ice,"Strawberry, Blackberry, Blueberry, Raspberry, Lemonade, Fruit"
641,SALT Sadboy Happy End Blue,"Blue Raspberry, Blue Razz, Cotton Candy, Candy, Fruit"
642,SALT Sadboy Happy End Pink,"Strawberry, Cotton Candy, Candy, Fruit"
643,SALT Sadboy J Blueberry Jam,"Blueberry, Cookie, Dessert, Jam"
644,SALT Sadboy J Lemon Cookie,"Cookie, Lemon, Dessert, Jam"
645,SALT Sadboy J Strawberry Jam,"Strawberry, Cookie, Jam, Dessert"
646,SALT Sadboy Nola Bar Berry,"Cream, Blueberry, Granola, Dessert"
647,SALT Sadboy Nola Bar Strawberry,"Cream, Strawberry, Granola, Dessert"
648,SALT Shijin Tortoise Blood,"Blue Raspberry, Blue Razz, Apple, Green Apple, Fruit, Candy, Sherbert"
649,SALT Shijin Tortoise Blood on ICE,"Blue Raspberry, Blue Razz, Apple, Green Apple, Fruit, Candy, Menthol, Ice"
650,SALT Shijin Tortoise Blood on the Rocks,"Blue Raspberry, Blue Razz, Apple, Green Apple, Fruit, Candy, Spearmint, Ice, Mint"
651,SALT Skwezed Iced Green Apple Ice,"Apple, Green Apple, Ice, Menthol, Fruit"
652,SALT Skwezed Iced Lychee Ice,"Lychee, Fruit, Ice, Menthol"
653,SALT Skwezed Iced Peach Ice,"Peach, Ice, Fruit, Menthol"
654,SALT Skwezed Iced Watermelon Ice,"Watermelon, Ice, Fruit, Menthol, Lush Ice"
655,SALT Skwezed Iced Watermelon White Grape Ice WWG2I5,"White Grape, Grape, Watermelon, Ice, Menthol"
656,SALT Skwezed Iced Watermelon White Grape Ice WWG5I0,"White Grape, Grape, Watermelon, Ice, Menthol"
657,SALT Skwezed R Green Apple,"Apple, Green Apple, Fruit"
658,SALT Skwezed R Lychee,"Lychee, Fruit"
659,SALT Skwezed R Peach,"Peach, Fruit"
660,SALT Skwezed R Watermelon,"Watermelon, Fruit"
661,SALT Skwezed R Watermelon White Grape,"Watermelon, White Grape, Grape, Fruit"
662,SALT Steam Co. Gentleman's Reserve,"Vanilla, Almond, Coconut, Bourbon, Dessert"
663,SALT Taylor Flavors - Cool Menthol,"Blue Raspberry, Blue Razz, Fruit, Candy, Ice, Menthol"
664,SALT Taylor Flavors Pinky Palmer,"Strawberry, Lemon, Lemonade, Iced Tea, Tea, Fruit"
665,SALT Taylor Flavors Snickerdoodle Crunch,"Vanilla, Cream, Cinnamon, Sugar, Cookie, Dessert"
666,SALT The Finest Cool Mint,"Mint, Spearmint, Cool, Ice, Menthol"
667,SALT The Finest Lychee Dragon,"Lychee, Dragonfruit, Fruit, Strawberry"
668,SALT The Finest Tiramisu Custard,"Coffee, Cream, Tiramisu, Vanilla, Custard, Graham, Dessert"
669,SALT Twist Blend No.1,"Orange, Strawberry, Blueberry, Pineapple, Fruit"
670,SALT Twist Green No.1,"Honeydew, Cantaloupe, Candy, Melon, Fruit"
671,SALT Twist Menthol No.1,"Menthol, Ice"
672,SALT Twist Mint 0,"Mint, Wintergreen, Ice, Menthol"
673,SALT Twist Mint No.1,"Mint, Spearmint, Cool, Ice, Menthol"
674,SALT Twist Pink 0,"Lemon, Lemonade, Strawberry, Ice, Menthol, Fruit"
675,SALT Twist Pink No.1,"Lemon, Lemonade, Strawberry, Fruit"
676,SALT Twist Purple Grape,"Grape, Berry, Strawberry, Blueberry, Raspberry, Fruit"
677,SALT Twist Purple No. 1,"Berry, Blueberry, Strawberry, Raspberry, Lemonade, Lemon, Fruit"
678,SALT Twist Red No.1,"Watermelon, Lemon, Lemonade, Fruit"
679,SALT Twist Tobacco Gold No.1,Tobacco
680,SALT Vapetasia Killer Kustard,"Cream, Vanilla, Custard, Dessert"
681,SALT Vapetasia Killer Kustard Blueberry,"Blueberry, Cream, Custard, Dessert"
682,SALT Vapetasia Killer Kustard Strawberry,"Strawberry, Cream, Custard, Dessert"
683,SALT Vapetasia Milk of the Poppy,"Milk, Cream, Strawberry, Dragonfruit, Dessert"
684,SALT Vapetasia Royalty 2,"Tobacco, Hazelnut, Vanilla, Cream, Custard, Dessert"
685,SALT Verdict Vapors Convict - Strawberry Milk,"Strawberry, Milk, Cream, Marshmallow, Dessert"
686,SALT Verdict Vapors Mints Chocomint,"Mint, Chocolate, Spearmint, Ice, Menthol, Candy"
687,SALT Verdict Vapors Mints Peppermint,"Mint, Peppermint, Menthol, Ice"
688,SALT Verdict Vapors Mints Spearmint,"Mint, Spearmint, Ice, Menthol"
689,SALT Verdict Vapors Mints Wintergreen,"Mint, Wintergreen, Ice, Menthol"
690,SALT Verdict Vapors Warden - Hazelnut Pecan Butter,"Hazelnut, Pecan, Butter, Cream, Vanilla, Dessert"
691,SALT VGod Apple Bomb,"Apple, Green Apple, Fruit, Candy"
692,SALT VGod Berry Bomb,"Strawberry, Fruit, Candy"
693,SALT VGod Cubano,"Tobacco, Cigar, Vanilla"
694,SALT VGod Cubano Black,"Tobacco, Custard, Vanilla"
695,SALT VGod Cubano Silver,"Tobacco, Honey, Vanilla, Custard"
696,SALT VGod Dry Tobacco,Tobacco
697,SALT VGod Iced Apple Bomb,"Apple, Green Apple, Ice, Menthol, Fruit, Candy"
698,SALT VGod Iced Berry Bomb,"Strawberry, Fruit, Candy, Ice, Menthol"
699,SALT VGod Iced Mango Bomb,"Mango, Fruit, Ice, Menthol"
700,SALT VGod Iced Purple Bomb,"Grape, Fruit, Candy, Ice, Menthol"
701,SALT VGod Lucious,"Watermelon, Fruit, Candy"
702,SALT VGod Lush Ice Eliquids,"Watermelon, Ice, Fruit, Menthol, Lush Ice, Candy"
703,SALT VGod Mango Bomb,"Mango, Fruit"
704,SALT VGod Mighty Mint,"Mint, Wintergreen, Ice, Menthol"
705,SALT VGod Purple Bomb,"Grape, Fruit, Candy"
706,SALT VGod Summer Strawberry,"Strawberry, Ice, Menthol, Fruit"
707,SALT Yogi Apple Cinnamon Granola Bar,"Apple, Cinnamon, Granola, Dessert, Honey"
708,SALT Yogi Blueberry Granola Bar,"Blueberry, Granola, Honey, Desserrt"
709,SALT Yogi Java,"Coffee, Chocolate, Granola, Honey, Dessert"
710,SALT Yogi Original,"Granola, Honey, Dessert"
711,SALT Yogi Peanut Butter Banana,"Banana, Peanut Butter, Granola, Honey, Dessert"
712,SALT Yogi Strawberry Granola Bar,"Strawberry, Granola, Honey, Dessert"
713,SALT Yogi Vanilla Tobacco,"Vanilla, Tobacco, Cream, Honey, Granola, Dessert"
714,SUB 7 Daze Fusion Banana Cantaloupe Honeydew,"Banana, Cantaloupe, Honeydew, Fruit"
715,SUB 7 Daze Fusion Grape Apple Aloe,"Grape, Apple, Aloe, Fruit"
716,SUB 7 Daze Fusion Kiwi Passionfruit Guava,"Kiwi, Passionfruit, Guava, Fruit"
717,SUB 7 Daze Fusion Lemon Passionfruit Blueberry,"Lemon, Passionfruit, Blueberry, Fruit"
718,SUB 7 Daze Fusion Orange Cream Mango,"Orange, Cream, Mango, Fruit"
719,SUB 7 Daze Fusion Orange Yuzu Tangerine,"Oranges, Yuzu, Tangerine, Fruit"
720,SUB 7 Daze Fusion Pineapple Coconut Banana,"Pineapple, Coconut, Banana, Pina Colada, Fruit"
721,SUB 7 Daze Fusion Pineapple Mango Orange,"Pineapple, Mango, Orange, Fruit"
722,SUB 7 Daze Fusion Raspberry Green Apple Watermelon,"Raspberry, Green Apple, Watermelon, Apple, Fruit"
723,SUB 7 Daze Fusion Strawberry Banana Apple,"Strawberry, Banana, Apple, Red Apple, Fruit"
724,SUB 7 Daze Fusion Strawberry Blackberry Lemon,"Strawberry, Blackberry, Lemon, Fruit"
725,SUB 7 Daze Fusion Strawberry Mango Nectarine,"Strawberry, Mango, Nectarine, Fruit"
726,SUB 7 Daze Fusion Watermelon Apple Pear,"Watermelon, Apple, Pear, Red Apple, Fruit"
727,SUB 7 Daze Fusion Yellow Green Red Mango,"Mango, Fruit"
728,SUB 7 Daze Iced Fusion Banana Cantaloupe Honeydew Iced,"Banana, Cantaloupe, Honeydew, Fruit, Ice, Menthol"
729,SUB 7 Daze Iced Fusion Grape Apple Aloe Iced,"Grape, Apple, Aloe, Fruit, Ice, Menthol"
730,SUB 7 Daze Iced Fusion Grapefruit Orange Mango Iced,"Grapefruit, Orange, Mango, Fruit, Ice, Menthol"
731,SUB 7 Daze Iced Fusion Kiwi Passionfruit Guava Iced,"Kiwi, Passionfruit, Guava, Fruit, Ice, Menthol"
732,SUB 7 Daze Iced Fusion Lemon Passionfruit Blueberry Iced,"Lemon, Passionfruit, Blueberry, Fruit, Ice, Menthol"
733,SUB 7 Daze Iced Fusion Orange Cream Mango Iced,"Orange, Cream, Mango, Fruit, Ice, Menthol"
734,SUB 7 Daze Iced Fusion Orange Yuzu Tangerine Iced,"Orange, Yuzu, Tangerine, Fruit, Ice, Menthol"
735,SUB 7 Daze Iced Fusion Pineapple Coconut Banana Iced,"Pineapple, Coconut, Banana, Pina Colada, Fruit, Ice, Menthol"
736,SUB 7 Daze Iced Fusion Pineapple Mango Orange Iced,"Pineapple, Mango, Orange, Fruit, Ice, Menthol"
737,SUB 7 Daze Iced Fusion Raspberry Green Apple Watermelon Iced,"Raspberry, Green Apple, Watermelon, Apple, Fruit, Ice, Menthol"
738,SUB 7 Daze Iced Fusion Strawberry Banana Apple Iced,"Strawberry, Banana, Apple, Red Apple, Fruit, Ice, Menthol"
739,SUB 7 Daze Iced Fusion Strawberry Blackberry Lemon Iced,"Strawberry, Blackberry, Lemon, Fruit, Ice, Menthol"
740,SUB 7 Daze Iced Fusion Strawberry Mango Nectarine Iced,"Strawberry, Mango, Nectarine, Fruit, Ice, Menthol"
741,SUB 7 Daze Iced Fusion Watermelon Apple Pear Iced,"Watermelon, Apple, Pear, Red Apple, Fruit, Ice, Menthol"
742,SUB 7 Daze Iced Fusion Yellow Green Red Mango Iced,"Mango, Fruit, Ice, Menthol"
743,SUB 7daze Glacial Mint,"Mint, Cool, Ice, Menthol"
744,SUB 7daze Glacial Mint 100m,"Mint, Cool, Ice, Menthol"
745,SUB 7daze Reds Apple Berries,"Apple, Berries, Red Apple, Blueberry, Raspberry, Pomegranate, Fruit"
746,SUB 7daze Reds Apple Fruit Mix,"Apple, Red Apple, Pineapple, Orange, Passionfruit, Fruit"
747,SUB 7daze Reds Apple Gold Kiwi,"Apple, Kiwi, Fruit, Red Apple"
748,SUB 7daze Reds Apple Gold Kiwi Iced,"Apple, Kiwi, Red Apple, Ice, Fruit, Menthol"
749,SUB 7daze Reds Apple Grape,"Apple, Grape, Red Apple, Fruit"
750,SUB 7daze Reds Apple Original,"Apple, Red Apple, Fruit"
751,SUB 7daze Reds Apple Peach,"Apple, Peach, Red Apple, Fruit"
752,SUB 7daze Reds Apple Strawberry,"Apple, Strawberry, Red Apple, Fruit"
753,SUB 7daze Reds Apple Strawberry 06mgAS6,"Apple, Strawberry, Red Apple, Fruit"
754,SUB 7daze Reds Apple Watermelon,"Apple, Watermelon, Red Apple, Fruit"
755,SUB 7daze Reds Iced Apple Berries Iced,"Apple, Berries, Red Apple, Blueberry, Raspberry, Pomegranate, Fruit, Ice, Menthol"
756,SUB 7daze Reds Iced Apple Fruit Mix Iced,"Apple, Red Apple, Pineapple, Orange, Passionfruit, Fruit, Ice, Menthol"
757,SUB 7daze Reds Iced Apple Grape Iced,"Apple, Grape, Red Apple, Fruit, Ice, Menthol"
758,SUB 7daze Reds Iced Apple Original Iced,"Apple, Red Apple, Ice, Fruit, Menthol"
759,SUB 7daze Reds Iced Apple Peach Iced,"Apple, Peach, Ice, Fruit, Menthol, Red Apple"
760,SUB 7daze Reds Iced Apple Strawberry Ice,"Apple, Strawberry, Red Apple, Fruit, Ice, Menthol"
761,SUB 7daze Reds Iced Apple Watermelon Iced,"Apple, Watermelon, Red Apple, Fruit, Ice, Menthol"
762,SUB 7Daze Reds Slapple,"Apple, Red Apple, Fruit, Blue Raspberry, Blue Razz, Candy"
763,SUB 7Daze Reds Slapple Iced,"Apple, Red Apple, Fruit, Blue Raspberry, Blue Razz, Candy, Ice, Menthol"
764,SUB Air Factory Bold Tobacco,Tobacco
765,SUB Air Factory Menthol,"Menthol, Ice"
766,SUB Air Factory Mint,"Mint, Cool, Ice, Menthol"
767,SUB Air Factory Tobacco,Tobacco
768,SUB Air Factory Unflavored,"Unflavored, Flavorless"
769,SUB Alt Zero Excision Harambe,"Banana, Strawberry, Blackberry, Blueberry, Fruit, Smoothie"
770,SUB Alt Zero Excision Paradox,"Grape, Citrus, Blackberry, Fruit"
771,SUB Alt Zero Excision Paradox OTR,"Grape, Citrus, Blackberry, Ice, Fruit, Menthol"
772,SUB Alt Zero Excision Robokitty Cream,"Vanilla, Cake, Strawberry, Cream, Dessert"
773,SUB Alt Zero Excision Virus,"Lemon, Lime, Citrus, Mtn Dew, Mountain Dew, Fruit"
774,SUB Alt Zero Excision X Rated,"Blueberry, Raspberry, Blackberry, Yogurt, Vanilla, Cream, Fruit, Dessert"
775,SUB Alt Zero Just Blues,"Blue, Candy, Blueberry, Blue Razz, Blue Raspberry, Fruit"
776,SUB Alt Zero Just Reds,"Red, Candy, Strawberry, Watermelon, Cherry, Fruit Punch, Fruit, Raspberry"
777,SUB Bad Drip Bad Blood,"Blueberry, Pomegranate, Vanilla, Dessert, Fruit"
778,SUB Bad Drip Cereal Trip,"Fruity Pebbles, Cereal, Milk, Cream, Donut, Dessert"
779,SUB Bad Drip Dont Care Bear,"Peach, Pear, Gummy, Candy, Fruit"
780,SUB Bad Drip Dont Care Bear Iced Out,"Peach, Pear, Gummy, Candy, Fruit, Ice, Menthol"
781,SUB Bad Drip Drooly,"Grape, Candy, Fruit"
782,SUB Bad Drip Farleys Gnarley,"Strawberry, Kiwi, Bubblegum, Candy, Fruit"
783,SUB Bad Drip Farleys Gnarley Iced Out,"Strawberry, Kiwi, Bubblegum, Candy, Fruit, Ice, Menthol"
784,SUB Bad Drip God Nectar,"Passion Fruit, Orange, Mango, Guava, Fruit"
785,SUB Bad Drip God Nectar Iced Out,"Passion Fruit, Orange, Mango, Guava, Fruit, Ice, Menthol"
786,SUB Bad Drip Ugly Butter,"Cinnamon, Cinnamon Sugar, Banana, Fried Dough, Dessert"
787,SUB Barista Brew Salted Caramel Macchiato,"Salted Caramel, Macchiato, Coffee, Caramel, Cream, Dessert"
788,SUB Beard Vape Co. #00 000,"Tobacco, Cappuccino, Coffee, Cream, Dessert"
789,SUB Beard Vape Co. #00 003,"Tobacco, Cappuccino, Coffee, Cream, Dessert"
790,SUB Beard Vape Co. #00 006,"Tobacco, Cappuccino, Coffee, Cream, Dessert"
791,SUB Beard Vape Co. #32,"Funnel Cake, Cinnamon, Vanilla, Dessert"
792,SUB Beard Vape Co. Apple Cinnamon The One,"Apple, Cinnamon, Donut, Milk, Cream, Dessert"
793,SUB Beard Vape Co. Blueberry The One,"Blueberry, Donut, Cereal, Milk, Cream, Dessert"
794,SUB Beard Vape Co. Marshmellow The One,"Marshmallow, Donut, Milk, Cinnamon, Dessert"
795,SUB Beard Vape Co. Strawberry The One,"Strawberry, Donut, Milk, Cereal, Dessert"
796,SUB Bluebird Bluebird,"Blueberry, Cheesecake, Milk, Dessert"
797,SUB Bluebird Lovebird,"Strawberry, Cereal, Milk, Dessert"
798,SUB Bluebird Luckybird,"Lucky Charms, Marshmallow, Cereal, Milk, Dessert"
799,SUB Bluebird Redbird,"Strawberry, Cheesecake, Milk, Dessert"
800,SUB Brewed Awakening Classic,"Coffee, Caramel, Hazelnut, Cream, Dessert"
801,SUB Candy King Batch 100 ML,"Sour Patch Kids, Candy, Orange, Cherry, Lemon, Lime, Fruit"
802,SUB Candy King Cola Gummies 100 ML,"Cola, Gummy, Candy"
803,SUB Candy King Gush 100 ML,"Blueberry, Raspberry, Strawberry, Apple, Green Apple, Orange, Gummy, Candy, Fruit"
804,SUB Candy King Jaws 100 ML,"Fruit, Blue Raspberry, Blue Razz, Vanilla, Candy"
805,SUB Candy King Peachy Rings 100 ML,"Peach, Gummy, Candy, Fruit"
806,SUB Candy King Pink Squares 100 ML,"Strawberry, Gummy, Candy, Fruit"
807,SUB Candy King Strawberry Watermelon Bubblegum,"Strawberry, Watermelon, Bubblegum, Candy, Fruit"
808,SUB Candy King Swedish,"Strawberry, Raspberry, Candy, Fruit, Gummy"
809,SUB Candy King Worms,"Orange, Lime, Lemon, Strawberry, Cherry, Raspberry, Gummy, Candy, Fruit"
810,SUB Cassadega Cannoli Be Breakfast,"Cannoli, Cream, Fruit Loops, Cereal, Dessert"
811,SUB Cassadega Cannoli Be Cookie,"Cannoli, Cream, Oreo, Cookie, Dessert"
812,SUB Cassadega Cannoli Be Graham,"Cannoli, Graham, Cream, Dessert"
813,SUB Cassadega Cannoli Be Mine,"Cannoli, Cream, Strawberry, Dessert"
814,SUB Cassadega Cannoli Be Nuts,"Cannoli, Cream, Pistachio, Nuts, Dessert"
815,SUB Cassadega Cannoli Be One,"Cannoli, Cream, Vanilla, Dessert"
816,SUB Chubby Purp Ice,"Grape, Bubblegum, Candy, Fruit, Ice, Menthol"
817,SUB Chubby Razz Ice,"Strawberry, Bubblegum, Candy, Fruit, Ice, Menthol"
818,SUB Chubby Vapes Purp,"Grape, Bubblegum, Candy, Fruit"
819,SUB Chubby Vapes Strawberry,"Strawberry, Bubblegum, Candy, Fruit"
820,SUB Cloud Chemist Cereal Science,"Cereal, Milk, Berry, Strawberry, Blueberry, Raspberry, Dessert"
821,SUB Cloud Chemist Claws,"Caramel, Green Apple, Apple, Pastrey, Dessert"
822,SUB Cloud Chemist Frosty Science,"Frosted Flakes, Cereal, Milk, Dessert"
823,SUB Cloud Chemist Frosty Science Apple,"Frosted Flakes, Cereal, Milk, Dessert, Apple"
824,SUB Cloud Chemist Frosty Science Blueberry,"Frosted Flakes, Cereal, Milk, Dessert, Blueberry"
825,SUB Cloud Chemist Frosty Science Strawberry,"Frosted Flakes, Cereal, Milk, Dessert, Strawberry"
826,SUB Cloud Chemist Heisenberry Crunch,"Blueberry, Cereal, Milk, Dessert"
827,SUB Cloud Chemist Loopy Science,"Fruit Loops, Cereal, Milk, Dessert"
828,SUB Cloud Chemist Pebble Science,"Fruity Pebbles, Cereal, Milk, Dessert"
829,SUB Cloud Chemist The Alchemist,"Cinnamon, Sugar, Cinnamon Sugar, Cinnamon Toast Crunch, Cereal, Milk, Dessert"
830,SUB Cloud Chemist The Final Experiment,"Corn Pops, Maple, Cereal, Milk, Dessert"
831,SUB Cloud Nurdz Blue Raspberry Lemon,"Blue Razz, Blue Raspberry, Lemon, Candy, Fruit"
832,SUB Cloud Nurdz Grape Apple,"Grape, Apple, Green Apple, Candy, Fruit"
833,SUB Cloud Nurdz Grape Strawberry,"Grape, Strawberry, Candy, Fruit"
834,SUB Cloud Nurdz Peach Blue Razz,"Peach, Blue Razz, Blue Raspberry, Fruit, Candy"
835,SUB Cloud Nurdz Watermelon Apple,"Watermelon, Apple, Green Apple, Fruit, Candy"
836,SUB Cloud Nurdz Watermelon Berry,"Watermelon, Berry, Strawberry, Fruit, Candy"
837,SUB Country Clouds Blueberry Corn Bread Puddin',"Cornbread, Brown Sugar, Maple, Vanilla, Pudding, Dessert, Blueberry"
838,SUB Country Clouds Corn Bread Puddin',"Cornbread, Brown Sugar, Maple, Vanilla, Pudding, Dessert"
839,SUB Country Clouds Strawberry Corn Bread Puddin',"Cornbread, Brown Sugar, Maple, Vanilla, Pudding, Dessert, Strawberry"
840,SUB Country Clouds Strawberry Milkshake,"Vanilla, Cream, Milk, Strawberry, Dessert"
841,SUB Cuttwood Bird Brains,"Fruit Loops, Cereal, Milk, Dessert"
842,SUB Cuttwood Boss Reserve,"Graham, Milk, Banana, Dessert"
843,SUB Cuttwood Mega Melons,"Melons, Cantaloupe, Papaya, Pineapple, Fruit"
844,SUB Cuttwood Sugar Drizzle,"Cinnamon, Sugar, Cinnamon Sugar, Cereal, Milk, Dessert"
845,SUB Cuttwood Tobacco Trail,"Tobacco, Honey"
846,SUB Cuttwood Unicorn Milk,"Milk, Strawberry, Dessert"
847,SUB Dinner Lady Bubble Gum,"Bubblegum, Candy"
848,SUB Dinner Lady Lemon Tart,"Lemon, Pastrey, Dessert, Custard"
849,SUB Free Noms Caramel Butterscotch Classic,"Caramel, Butterscotch, Vanilla, Cream, Dessert"
850,SUB Fruitia Apple Kiwi,"Apple, Kiwi, Fuit"
851,SUB Fruitia Apple Kiwi Ice,"Apple, Kiwi, Ice, Fruit, Menthol"
852,SUB Fruitia Banana Ice,"Banana, Fruit, Ice, Menthol"
853,SUB Fruitia Blood Orange Cactus,"Blood Orange, Orange, Cactus, Fruit, Tangerine"
854,SUB Fruitia Extra Ice Apple Kiwi,"Apple, Kiwi, Fruit, Ice, Menthol"
855,SUB Fruitia Jus Apple Bourbon Tobacco,"Apple, Bourbon, Tobacco"
856,SUB Fruitia Jus Blue Raspberry Cotton Candy,"Blue Razz, Blue Raspberry, Cotton Candy, Candy, Fruit"
857,SUB Fruitia Jus Rainbow Ice,"Fruit, Strawberry, Lime, Grape, Lemon, Orange, Skittles, Candy, Ice, Menthol"
858,SUB Fruitia Jus White Grape Ice,"White Grape, Grape, Fruit, Ice, Menthol"
859,SUB Fruitia Passion Fruit Guava,"Passionfruit, Guava, Papaya, Fruit, Tropical"
860,SUB Fruitia Pineapple Citrus,"Pineapple, Citrus, Mango, Fruit"
861,SUB Fruitia Strawberry Coconut,"Strawberry, Coconut, Fruit"
862,SUB Fruitia Sweet Peach,"Peach, Sweet, Strawberry, Fruit"
863,SUB Glas Basix Banana Cream Pie,"Banana, Cream, Vanilla, Pie Crust, Graham, Dessert"
864,SUB Glas Basix Blue Razz,"Blue Raspberry, Fruit, Blue Razz, Candy, Blueberry, Raspberry"
865,SUB Glas Basix Blueberry Cake,"Blueberry, Cake, Sweet, Dessert, Vanilla, Frosting"
866,SUB Glas Basix Brown Tobacco,Tobacco
867,SUB Glas Basix Butterscotch Reserve,"Butterscotch, Sweet, Caramel, Tobacco, Dessert"
868,SUB Glas Basix Caribbean Punch,"Pineapple, Apple, Peach, Strawberry, Fruit, Apricot"
869,SUB Glas Basix Cool Melon,"Melon, Cantaloupe, Cucumber, Ice, Menthol"
870,SUB Glas Basix Crystal Clear,"Unflavored, Flavorless, Cool"
871,SUB Glas Basix Fizzy Lemonade,"Lemonade, Lemon, Lime, Pineapple, Ice, Menthol"
872,SUB Glas Basix Juicy OFT Sweet & Refreshing,"Taffy, Watermelon, Strawberry, Fruit, Candy"
873,SUB Glas Basix Pound Cake,"Vanilla, Cake, Lemon, Dessert"
874,SUB Glas Basix Strawberry Blast,"Strawberry, Gummy, Candy, Berry, Fruit"
875,SUB Glas Basix Strawberry Milk,"Strawberry, Vanilla, Cream, Milk, Dessert"
876,SUB Glas Basix Sugar Cookie,"Cookie, Caramel, Cinnamon, Dessert"
877,SUB Gost Vapor The Pancake House Banana Nuts,"Banana, Walnut, Pancake, Maple, Dessert"
878,SUB Gost Vapor The Pancake House Blueberry,"Blueberry, Pancake, Maple, Dessert"
879,SUB Gost Vapor The Pancake House Caramelized Apple,"Pancake, Caramel, Apple, Green Apple, Maple, Dessert"
880,SUB Gost Vapor The Pancake House Golden Maple,"Pancake, Maple, Butter, Dessert"
881,SUB Gost Vapor The Pancake House Strawberry,"Strawberry, Pancake, Maple, Dessert"
882,SUB Halo Fusion,"Unflavored, Flavorless"
883,SUB Halo Sub Zero,"Menthol, Ice"
884,SUB Halo Tribeca,"Tobacco, Vanilla, Caramel"
885,SUB Halo Turkish Tobacco,Tobacco
886,SUB Innevape Carousel,"Mystery, Cotton Candy, Candy, Fruit"
887,SUB Innevape Chill Out,"Green Apple, Apple, Menthol, Ice"
888,SUB Innevape Chill Out 12mgCO12,"Green Apple, Apple, Menthol, Ice"
889,SUB Innevape Heisenberg,"Blue Raspberry, Fruit, Blue Razz, Candy"
890,SUB Innevape Heisenberg Menthol,"Blue Raspberry, Fruit, Blue Razz, Candy, Ice, Menthol"
891,SUB Innevape Vape My Day,"Caramel, Hazelnut, Butterscotch, Waffle, Dessert"
892,SUB Juice Head F Blue Lemon FREEZE,"Blueberry, Lemon, Ice, Menthol, Fruit"
893,SUB Juice Head F Guava Peach FREEZE,"Guava, Peach, Ice, Menthol, Fruit"
894,SUB Juice Head F Mango Strawberry FREEZE,"Mango, Strawberry, Ice, Menthol, Fruit"
895,SUB Juice Head F Orange Mango FREEZE,"Orange, Mango, Ice, Menthol, Fruit"
896,SUB Juice Head F Peach Pear FREEZE,"Peach, Pear, Ice, Menthol, Fruit"
897,SUB Juice Head F Peach Pear FREEZE 06mgPPF6,"Peach, Pear, Ice, Menthol, Fruit"
898,SUB Juice Head F Pineapple GrapeFruit FREEZE,"Pineapple, Grapefruit, Ice, Menthol, Fruit"
899,SUB Juice Head F Pineapple Guava FREEZE,"Pineapple, Guava, Ice, Menthol, Fruit"
900,SUB Juice Head F Strawberry Kiwi FREEZE,"Strawberry, Kiwi, Ice, Menthol, Fruit"
901,SUB Juice Head F Watermelon Lime FREEZE,"Watermelon, Lime, Ice, Menthol, Fruit"
902,SUB Juice Head Freeze Raspberry Lemonade,"Raspberry, Lemonade, Lemon, Ice, Menthol, Fruit"
903,SUB Juice Head R Blue Lemon,"Blueberry, Lemon, Fruit"
904,SUB Juice Head R Guava Peach,"Guava, Peach, Fruit"
905,SUB Juice Head R Mango Strawberry,"Mango, Strawberry, Fruit"
906,SUB Juice Head R Orange Mango,"Orange, Mango, Fruit"
907,SUB Juice Head R Peach Pear,"Peach, Pear, Fruit"
908,SUB Juice Head R Pineapple GrapeFruit,"Pineapple, Grapefruit, Fruit"
909,SUB Juice Head R Pineapple Guava,"Pineapple, Guava, Fruit"
910,SUB Juice Head R Strawberry Kiwi,"Strawberry, Kiwi, Fruit"
911,SUB Juice Head R Watermelon Lime,"Watermelon, Lime, Fruit"
912,SUB Juice Head Raspberry Lemonade,"Raspberry, Lemonade, Lemon, Fruit"
913,SUB Juice Man Cherry Blue Fizz,"Cherry, Blue Raspberry, Blue Razz, Cola"
914,SUB Juice Man Cherry Lime Fizz,"Cherry, Lime, Cola"
915,SUB Kaleidoscopic Clouds Looking Glass Iced,"Strawberry, Kiwi, Watermelon, Candy, Fruit, Ice, Menthol"
916,SUB Kaleidoscopic Looking Glass,"Strawberry, Kiwi, Watermelon, Candy, Fruit"
917,SUB Kaleidoscopic Optical Illusion,"Mango, Melon, Fruit, Candy"
918,SUB Kaleidoscopic Ruby's Eyes,"Raspberry, Pomagranate, Candy, Fruit"
919,SUB Kaleidoscopic Sunrise / Sunset,"Peach, Melon, Fruit"
920,SUB Kaleidoscopic Sunset / Sunrise,"Raspberry, Orange, Fruit"
921,SUB Keep It 100 Berry Au Lait,"Strawberry, Cream, Milk, Dessert"
922,SUB Keep It 100 Maui Blast,"Guava, Passionfruit, Lychee, Fruit, Tropical"
923,SUB Keep It 100 OG Blue,"Blue Raspberry, Fruit, Blue Razz, Candy, Strawberry"
924,SUB Keep It 100 OG Blue Ice,"Blue Raspberry, Fruit, Blue Razz, Candy, Strawberry, Ice, Menthol"
925,SUB Keep It 100 OG Nana Foster,"Banana, Cinnamon, Sugar, Cinnamon Sugar, Vanilla, Dessert"
926,SUB Keep It 100 OG Pink,"Strawberry, Fruit, Candy"
927,SUB Keep It 100 OG Summer Blue,"Blue Raspberry, Fruit, Blue Razz, Candy, Raspberry, Strawberry, Lemon, Lemonade"
928,SUB Keep It 100 OG Tropical Blue,"Blue Raspberry, Fruit, Blue Razz, Candy, Strawberry, Guava, Pineapple, Peach"
929,SUB Khali Devil's Punchbowl,"Guava, Peach, Fruit, Fruit Punch, Hawaiian Punch"
930,SUB Khali Devil's Punchbowl ICE,"Guava, Peach, Fruit, Fruit Punch, Hawaiian Punch, Ice, Menthol"
931,SUB Lost Art Grape White,"Grape, White Grape, Fruit"
932,SUB MET4 Fair Grounds,"Deep Fried Twinkie, Twinkie, Cream Cake, Dessert, Vanilla"
933,SUB MET4 Golden Ticket,"Chocolate, Milk, Chocolate Milk, Dessert"
934,SUB Mighty Vapors Frozen Hulk Tears,"Green Apple, Apple, Watermelon, Strawberry, Candy, Fruit, Ice, Menthol"
935,SUB Mighty Vapors Frozen Hulk Tears Frozen Green Apple Straw-Melon Chew,"Green Apple, Apple, Watermelon, Strawberry, Candy, Fruit, Ice, Menthol"
936,SUB Mighty Vapors Hulk Tears,"Green Apple, Apple, Watermelon, Strawberry, Candy, Fruit"
937,SUB Mighty Vapors Super Mint,"Mint, Spearmint, Menthol, Ice"
938,SUB ML Custard Monster Banana,"Banana, Custard, Cream, Dessert, Sweet"
939,SUB ML Custard Monster Blackberry,"Sweet, Blackberry, Custard, Cream, Dessert"
940,SUB ML Custard Monster Blueberry,"Blueberry, Sweet, Custard, Cream, Dessert"
941,SUB ML Custard Monster Butterscotch,"Butterscotch, Custard, Sweet, Cream, Dessert"
942,SUB ML Custard Monster Gingerbread,"Gingerbread, Custard, Sweet, Cream, Dessert"
943,SUB ML Custard Monster Mixed Berry,"Sweet, Mixed Berry, Strawberry, Blackberry, Blueberry, Cream, Dessert, Custard, Raspberry"
944,SUB ML Custard Monster Strawberry,"Strawberry, Sweet, Custard, Cream, Dessert"
945,SUB ML Custard Monster Vanilla,"Vanilla, Sweet, Custard, Cream, Dessert"
946,SUB ML Frozen Fruit Monster Banana Ice,"Banana, Ice, Menthol, Fruit"
947,SUB ML Frozen Fruit Monster Black Cherry Ice,"Cherry, Ice, Menthol, Fruit"
948,SUB ML Frozen Fruit Monster Blueberry Raspberry Lemon Ice,"Blueberry, Raspberry, Lemon, Ice, Menthol, Fruit"
949,SUB ML Frozen Fruit Monster Double Mango Ice,"Mango, Ice, Menthol, Fruit"
950,SUB ML Frozen Fruit Monster Mango Peach Guava Ice,"Mango, Peach, Guava, Ice, Menthol, Fruit"
951,SUB ML Frozen Fruit Monster Mixed Berry Ice,"Berry, Fruit, Mixed Berry, Strawberry, Blackberry, Blueberry, Raspberry, Ice, Menthol"
952,SUB ML Frozen Fruit Monster Passionfruit Orange Guava Ice,"Passionfruit, Orange, Guava, Ice, Menthol, Fruit"
953,SUB ML Frozen Fruit Monster Strawberry Banana Ice,"Strawberry, Banana, Ice, Menthol, Fruit"
954,SUB ML Frozen Fruit Monster Strawberry Kiwi Pomegranate Ice,"Strawberry, Kiwi, Pomegranate, Ice, Menthol, Fruit"
955,SUB ML Frozen Fruit Monster Strawberry Lime Ice,"Strawberry, Lime, Ice, Menthol, Fruit"
956,SUB ML Fruit Monster Black Cherry,"Cherry, Fruit"
957,SUB ML Fruit Monster Blueberry Raspberry Lemon,"Blueberry, Raspberry, Lemon, Fruit"
958,SUB ML Fruit Monster Mango Peach Guava,"Mango, Peach, Guava, Fruit"
959,SUB ML Fruit Monster Mixed Berry,"Raspberry, Blueberry, Strawberry, Blackberry, Fruit"
960,SUB ML Fruit Monster Passionfruit Orange Guava,"Passionfruit, Orange, Guava, Fruit"
961,SUB ML Fruit Monster Strawberry Banana,"Strawberry, Banana, Fruit"
962,SUB ML Fruit Monster Strawberry Kiwi Pomegranate,"Strawberry, Kiwi, Pomegranate, Fruit"
963,SUB ML Fruit Monster Strawberry Lime,"Strawberry, Lime, Fruit"
964,SUB ML Jam Monster Banana,"Banana, Jam, Butter, Toast, Dessert"
965,SUB ML Jam Monster Black Cherry,"Cherry, Jam, Butter, Toast, Dessert"
966,SUB ML Jam Monster Blackberry,"Blackberry, Jam, Butter, Toast, Dessert"
967,SUB ML Jam Monster Blueberry,"Blueberry, Jam, Butter, Toast, Dessert"
968,SUB ML Jam Monster Grape,"Grape, Jam, Butter, Toast, Dessert"
969,SUB ML Jam Monster Mixed Berry,"Strawberry, Blackberry, Blueberry, Raspberry, Mixed Berry, Jam, Butter, Toast, Dessert"
970,SUB ML Jam Monster PB & Banana,"Peanut, Banana, Peanut Butter, Jam, Dessert"
971,SUB ML Jam Monster PB & Grape,"Peanut, Grape, Peanut Butter, Jam, Dessert"
972,SUB ML Jam Monster PB & Strawberry,"Peanut, Strawberry, Jam, Peanut Butter, Dessert"
973,SUB ML Jam Monster Peach,"Peach, Jam, Butter, Toast, Dessert"
974,SUB ML Jam Monster Raspberry,"Raspberry, Jam, Butter, Toast, Dessert"
975,SUB ML Jam Monster Strawberry,"Strawberry, Jam, Butter, Toast, Dessert"
976,SUB ML Lemonade Monster Blueberry Lemonade,"Lemonade, Blueberry, Lemon, Fruit"
977,SUB ML Lemonade Monster Mango Lemonade,"Mango, Lemon, Lemonade, Fruit"
978,SUB ML Lemonade Monster Mint Lemonade,"Mint, Lemon, Lemonade, Spearmint, Ice"
979,SUB ML Lemonade Monster Pink Lemonade,"Lemonade, Lemon, Citrus, Fruit"
980,SUB ML Lemonade Monster Strawberry Lemonade,"Lemonade, Strawberry, Lemon, Fruit"
981,SUB ML Lemonade Monster Watermelon Lemonade,"Watermelon, Lemon, Lemonade, Fruit"
982,SUB ML The Milk Berry Crunch,"Milk, Berry, Strawberry, Blueberry, Raspberry, Cream, Dessert, Cereal"
983,SUB ML The Milk Cinnamon,"Milk, Cinnamon, Cream, Dessert, Cereal"
984,SUB ML The Milk Fruity,"Fruity Pebbles, Cereal, Milk, Cream, Dessert"
985,SUB ML The Milk Jax,"Milk, Apple, Cinnamon, Cream, Dessert, Cereal"
986,SUB ML Tobacco Monster Bold,"Tobacco, Hazelnut, Vanilla"
987,SUB ML Tobacco Monster Smooth,"Tobacco, Sweet, Cream"
988,SUB Mod Milk Strawberry Milky Goodness,"Strawberry, Cream, Milk, Dessert"
989,SUB Monster Labs Custard Monster Banana,"Banana, Custard, Cream, Dessert"
990,SUB MRKT PLCE Blood Orange Tangoberry,"Blood Orange, Tangerine, Orange, Grapefruit, Blueberry, Fruit"
991,SUB MRKT PLCE Fuji Pear Mangoberry,"Pear, Mango, Apple, Raspberry, Fruit"
992,SUB Naked 100 American Patriot,Tobacco
993,SUB Naked 100 Berry Menthol,"Berry, Blueberry, Blackberry, Raspberry, Menthol, Ice, Fruit"
994,SUB Naked 100 Crisp Menthol,"Mint, Ice, Menthol"
995,SUB Naked 100 Hawaiian Pog,"Passionfruit, Orange, Guava, Fruit, Tropical"
996,SUB Naked 100 Lava Flow,"Strawberry, Coconut, Pineapple, Pina Colada, Fruit"
997,SUB Naked 100 Lava Flow Ice,"Strawberry, Coconut, Pineapple, Pina Colada, Fruit, Ice, Menthol"
998,SUB Naked 100 Melon Menthol,"Melon, Menthol, Pineapple, Honeydew, Cantaloupe, Ice, Fruit"
999,SUB Naked 100 Really Berry,"Blueberry, Blackberry, Lemon, Fruit"
1000,SUB Naked 100 Strawberry Pom Menthol,"Strawberry, Kiwi, Pomegranate, Ice, Menthol, Fruit"
1001,SUB Nomenon Arctic Wintergreen Freeze,"Wintergreen, Ice, Menthol"
1002,SUB Nomenon Caramel Butterscotch Classic,"Caramel, Butterscotch, Vanilla, Cream, Dessert"
1003,SUB Nomenon Dragon Fruit Strawberry Cream,"Dragon Fruit, Strawberry, Cream, Dessert"
1004,SUB Nomenon Free Noms Blueberry Strawberry Kiwi Yogurt,"Blueberry, Strawberry, Kiwi, Yogurt, Cream, Fruit, Dessert"
1005,SUB Nomenon Free Noms Green Apple Strawberry Peach Ice,"Apple, Strawberry, Peach, Ice, Menthol, Fruit"
1006,SUB Nomenon Grapenomenon,"Grape, Fruit, Candy"
1007,SUB Nomenon Grapenomenon ICE,"Grape, Ice, Menthol, Fruit, Candy"
1008,SUB Nomenon Lemonomenon,"Lemon, Candy, Fruit"
1009,SUB Nomenon Lychee Cherry Blossom Raspberry,"Lychee, Cherry Blossom, Raspberry, Fruit"
1010,SUB Nomenon Pear Green Apple Peach,"Pear, Apple, Green Apple, Peach, Fruit"
1011,SUB Nomenon Phenomenon,"Mystery, Fruit, Tropical"
1012,SUB Nomenon Pineapple Coconut Spiced Rum,"Pineapple, Coconut, Rum, Pina Colada, Fruit"
1013,SUB Nomenon Tobacco Caramel Vanilla,"Tobacco, Caramel, Vanilla"
1014,SUB Nomenon Watanomenon,"Watermelon, Candy, Fruit"
1015,SUB Nomenon Watanomenon ICE,"Watermelon, Candy, Fruit, Ice, Menthol, Lush Ice"
1016,SUB Noms 100 Nom Pop,"Cherry, Blue Raspberry, Blue Razz, Lime, Fruit, Candy"
1017,SUB Noms 100 Tropical Gummy,"Mango, Peach, Pineapple, Gummy, Fruit, Candy"
1018,SUB Noms Blunomenom,"Blue Raspberry, Blue Razz, Fruit, Candy"
1019,SUB Noms Blunomenom Ice,"Blue Raspberry, Blue Razz, Fruit, Candy, Ice, Menthol"
1020,SUB Noms X2 Blueberry Papaya Strawberry,"Blueberry, Papaya, Strawberry, Fruit"
1021,SUB Noms X2 Cactus Jackfruit Mandarin,"Cactus, Jackfruit, Mandarin, Fruit"
1022,SUB Noms X2 Cherry Lime Ginger,"Cherry, Lime, Ginger, Fruit"
1023,SUB Noms X2 Kiwi Passionfruit Nectarine,"Kiwi, Passionfruit, Nectarine, Fruit"
1024,SUB Noms X2 White Peach Raspberry,"Peach, Raspberry, Fruit"
1025,SUB Pachamama Blood Orange Banana Gooseberry,"Orange, Banana, Gooseberry, Fruit"
1026,SUB Pachamama Fuji Apple Strawberry,"Apple, Strawberry, Nectarine, Fruit"
1027,SUB Pachamama Fuji Apple Strawberry SYN,"Apple, Strawberry, Nectarine, Fruit"
1028,SUB Pachamama Mint Leaf SYN,"Mint, Spearmint, Honeydew, Berry, Strawberry, Blueberry, Kiwi, Fruit, Ice"
1029,SUB Pachamama Passion Fruit Raspberry Yuzu,"Passion Fruit, Raspberry, Yuzu, Citrus, Fruit"
1030,SUB Pachamama Peach Papaya Coconut,"Peach, Papaya, Coconut, Cream, Fruit"
1031,SUB Pachamama The Mint Leaf,"Mint, Spearmint, Honeydew, Berry, Strawberry, Blueberry, Kiwi, Fruit, Ice"
1032,SUB Pinup Vapors Beach Betty,"Tropical Fruits, Berries, Mixed Fruit, Fruit, Mystery, Pina Colada, Pineapple, Coconut"
1033,SUB Pinup Vapors Betty,"Tropical Fruits, Berries, Mixed Fruit, Mystery, Fruit"
1034,SUB Pinup Vapors Betty Chill,"Tropical Fruits, Berries, Mixed Fruit, Mystery, Fruit, Ice, Menthol"
1035,SUB Pinup Vapors Christie,"Pineapple, Coconut, Pina Colada, Fruit"
1036,SUB Pinup Vapors Marilyn,"Vanilla, Caramel, Cream, Butterscotch, Dessert"
1037,SUB Pinup Vapors Rita,"Orange, Pineapple, Cherry, Strawberry, Grape, Fruit, Candy, Smarties"
1038,SUB Pod Juice Blue Razz Jam,"Blue Raspberry, Jam, Blue Razz, Fruit, Candy"
1039,SUB Pod Juice Cotton Carnival,"Blue Razz, Blue Raspberry, Strawberry, Vanilla, Cotton Candy, Candy, Fruit"
1040,SUB Pod Juice Jewel Mint,"Mint, Ice, Menthol, Spearmint"
1041,SUB Pod Juice Jewel Mint Sapphire,"Mint, Ice, Menthol, Wintergreen"
1042,SUB Pop Clouds Blue Razz Candy,"Blue Razz, Blue Raspberry, Candy, Fruit"
1043,SUB Pop Clouds Cotton Candy,"Blue Razz, Blue Raspberry, Strawberry, Vanilla, Cotton Candy, Candy"
1044,SUB Pop Clouds Grape Vape,"Grape, Fruit, Candy"
1045,SUB Pop Clouds Watermelon,"Watermelon, Fruit, Candy"
1046,SUB Propaganda Illuminati,"Blood Orange, Strawberry, Pineapple, Fruit"
1047,SUB Propaganda Sour Apple,"Apple, Green Apple, Fruit"
1048,SUB Propaganda The Hype America,"Cherry, Lime, Blue Raspberry, Blue Razz, Fruit, Candy"
1049,SUB Propaganda The Hype Blue Frost,"Blue Raspberry, Blue Razz, Fruit, Candy"
1050,SUB Propaganda The Hype Cool Blue Frost,"Blue Raspberry, Blue Razz, Fruit, Candy, Ice, Menthol"
1051,SUB Propaganda The Hype Juicy Grape,"Grape, Fruit, Candy"
1052,SUB Propaganda The Hype Pink and Blue,"Strawberry, Blue Raspberry, Blue Razz, Cotton Candy, Candy, Fruit"
1053,SUB Propaganda The Hype Sour Apple,"Apple, Green Apple, Fruit"
1054,SUB Propaganda The Hype Strawberries A La Mode,"Strawberry, Vanilla, Cream, Cake, Dessert"
1055,SUB Sadboy Blueberry Cookie,"Blueberry, Cookie, Dessert"
1056,SUB Sadboy Blueberry Jam,"Blueberry, Cookie, Dessert, Jam"
1057,SUB Sadboy Butter Cookie,"Butter, Cookie, Lemon, Dessert"
1058,SUB Sadboy Coconut Cake,"Coconut, Cake, Vanilla, Cream, Dessert"
1059,SUB Sadboy Cookie Custard,"Custard, Vanilla, Cookie, Dessert"
1060,SUB Sadboy Happy End Blue Cotton Candy,"Blue Raspberry, Blue Razz, Cotton Candy, Candy, Fruit"
1061,SUB Sadboy Happy End Pink Cotton Candy,"Strawberry, Cotton Candy, Candy, Fruit"
1062,SUB Sadboy Keylime Cookie,"Lime, Cookie, Key Lime, Dessert"
1063,SUB Sadboy Lemon Cookie,"Cookie, Lemon, Dessert, Jam"
1064,SUB Sadboy Mango Blood,"Mango, Fruit, Candy"
1065,SUB Sadboy Mango Blood Ice,"Mango, Fruit, Candy, Ice, Menthol"
1066,SUB Sadboy Nola Bar Blueberry,"Cream, Blueberry, Granola, Dessert"
1067,SUB Sadboy Nola Bar Strawberry,"Cream, Strawberry, Granola, Dessert"
1068,SUB Sadboy Pumpkin Cookie,"Pumpkin, Cinnamon, Cookie, Dessert, Nutmeg"
1069,SUB Sadboy Punch Berry Blood,"Strawberry, Blackberry, Blueberry, Lemon, Raspberry, Lemonade, Candy, Fruit"
1070,SUB Sadboy Punch Berry Blood Ice,"Strawberry, Blackberry, Blueberry, Lemon, Raspberry, Lemonade, Candy, Fruit, Ice, Menthol"
1071,SUB Sadboy Rainbow Blood,"Strawberry, Blackberry, Blueberry, Raspberry, Lemonade, Fruit"
1072,SUB Sadboy Rainbow Blood Ice,"Strawberry, Blackberry, Blueberry, Raspberry, Lemonade, Fruit, Ice, Menthol"
1073,SUB Sadboy Shamrock Cookie,"Mint, Cookie, Dessert"
1074,SUB Sadboy Strawberry Blood,"Strawberry, Candy, Fruit"
1075,SUB Sadboy Strawberry Blood Ice,"Strawberry, Candy, Fruit, Ice, Menthol"
1076,SUB Sadboy Strawberry Cheesecake,"Strawberry, Cheesecake, Cream, Graham, Dessert"
1077,SUB Sadboy Strawberry Jam,"Strawberry, Cookie, Jam, Dessert"
1078,SUB Sadboy Unicorn Tears,"Citrus, Cookie, Dessert"
1079,SUB Shijin Tortoise Blood,"Blue Raspberry, Blue Razz, Apple, Green Apple, Fruit, Candy, Sherbert"
1080,SUB Shijin Tortoise Blood on ICE,"Blue Raspberry, Blue Razz, Apple, Green Apple, Fruit, Candy, Sherbert, Ice, Menthol"
1081,SUB Shijin Tortoise Blood on the Rocks,"Blue Raspberry, Blue Razz, Apple, Green Apple, Fruit, Candy, Sherbert, Ice, Mint, Spearmint"
1082,SUB Skwezed Green Apple,"Apple, Green Apple, Fruit"
1083,SUB Skwezed Green Apple Ice,"Apple, Green Apple, Fruit, Ice, Menthol"
1084,SUB Skwezed Watermelon,"Watermelon, Fruit"
1085,SUB Skwezed Watermelon Ice,"Watermelon, Fruit, Ice, Menthol, Lush Ice"
1086,SUB Skwezed Watermelon White Grape,"Watermelon, White Grape, Grape, Fruit"
1087,SUB Skwezed Watermelon White Grape Ice,"Watermelon, White Grape, Grape, Fruit, Ice, Menthol"
1088,SUB Smoke Crossroads Carolina Cure,"Tobacco, Coffee, Cappuccino"
1089,SUB Smoke Crossroads Carolina Red,Tobacco
1090,SUB Steam Co. Double Leaf,"Tobacco, Menthol, Ice"
1091,SUB Steam Co. Fresh Pack,Tobacco
1092,SUB Steam Co. Gentleman's Reserve,"Vanilla, Almond, Coconut, Bourbon, Dessert"
1093,SUB Suicide Bunny Mother's Milk,"Strawberry, Cream, Custard, Milk, Dessert"
1094,SUB Suicide Bunny Sucker Punch,"Cream, Dragonfruit, Vanilla, Dessert"
1095,SUB Taylor Pinky Palmer,"Strawberry, Lemon, Lemonade, Iced Tea, Tea, Fruit"
1096,SUB Taylor Snickerdoodle Crunch,"Vanilla, Cream, Cinnamon, Sugar, Cookie, Dessert"
1097,SUB The Finest Cool Mint,"Mint, Spearmint, Cool, Ice, Menthol"
1098,SUB The Finest Lychee Dragon,"Lychee, Dragonfruit, Strawberry"
1099,SUB The Finest Tiramisu Custard,"Coffee, Cream, Tiramisu, Vanilla, Custard, Graham, Dessert"
1100,SUB Tobacco Monster,Tobacco
1101,SUB Twist Banana Amber,"Oatmeal, Cookie, Banana, Dessert"
1102,SUB Twist Berry Amber,"Strawberry, Graham, Cinnamon, Honey, Dessert"
1103,SUB Twist Blend No. 1,"Orange, Strawberry, Blueberry, Pineapple, Fruit"
1104,SUB Twist Frosted Amber,"Cookie, Vanilla, Sugar, Frosting, Cream, Dessert"
1105,SUB Twist Green No. 1,"Honeydew, Cantaloupe, Candy, Melon, Fruit"
1106,SUB Twist Pink 0,"Lemon, Lemonade, Strawberry, Ice, Menthol, Fruit"
1107,SUB Twist Pink No. 1,"Lemon, Lemonade, Strawberry, Fruit"
1108,SUB Twist Purple Grape,"Grape, Berry, Strawberry, Blueberry, Raspberry, Fruit"
1109,SUB Twist Purple No. 1,"Berry, Blueberry, Strawberry, Raspberry, Lemonade, Lemon, Fruit"
1110,SUB Twist Red No. 1,"Watermelon, Lemon, Lemonade, Fruit"
1111,SUB Twist Tobacco Gold No. 1,Tobacco
1112,SUB Twist White No. 1,"Pineapple, Gummy, Fruit, Candy"
1113,SUB Vapetasia Killer Kustard,"Custard, Vanilla, Cream, Dessert"
1114,SUB Vapetasia Killer Kustard Strawberry,"Custard, Vanilla, Cream, Dessert, Strawberry"
1115,SUB Vapetasia Milk of the Poppy,"Milk, Cream, Strawberry, Dragonfruit, Dessert"
1116,SUB Vapetasia Royalty 2,"Tobacco, Hazelnut, Vanilla, Cream, Custard, Dessert"
1117,SUB Verdict Vapors Convict - Strawberry Milk,"Strawberry, Milk, Cream, Marshmallow, Dessert"
1118,SUB Verdict Vapors Mints Chocomint,"Mint, Chocolate, Spearmint, Ice, Menthol, Candy"
1119,SUB Verdict Vapors Mints Peppermint,"Mint, Peppermint, Menthol, Ice"
1120,SUB Verdict Vapors Mints Spearmint,"Mint, Spearmint, Menthol, Ice"
1121,SUB Verdict Vapors Mints Wintergreen,"Mint, Wintergreen, Menthol, Ice"
1122,SUB Verdict Vapors Warden - Hazelnut Pecan Butter,"Hazelnut, Pecan, Butter, Cream, Vanilla, Dessert"
1123,SUB VGod Apple Bomb,"Apple, Green Apple, Fruit, Candy"
1124,SUB VGod Apple Bomb Iced,"Apple, Green Apple, Fruit, Candy, Ice, Menthol"
1125,SUB VGod Berry Bomb,"Strawberry, Fruit, Candy"
1126,SUB VGod Berry Bomb Iced,"Strawberry, Fruit, Candy, Menthol, Ice"
1127,SUB Vgod Cubano,"Tobacco, Cigar, Vanilla"
1128,SUB Vgod Cubano Black,"Tobacco, Custard, Vanilla"
1129,SUB Vgod Cubano Silver,"Tobacco, Honey, Vanilla, Custard"
1130,SUB VGod Lucious,"Watermelon, Fruit, Candy"
1131,SUB VGod Lush Ice,"Watermelon, Fruit, Ice, Menthol, Lush Ice, Candy"
1132,SUB VGod Mango Bomb,"Mango, Fruit"
1133,SUB VGod Mango Bomb Iced,"Mango, Fruit, Ice, Menthol"
1134,SUB VGod Purple Bomb,"Grape, Fruit, Candy"
1135,SUB VGod Purple Bomb Iced,"Grape, Fruit, Candy, Ice, Menthol"
1136,SUB Yogi Apple Cinnamon Granola Bar,"Apple, Cinnamon, Granola, Dessert, Honey"
1137,SUB Yogi Blueberry Granola Bar,"Blueberry, Granola, Honey, Desserrt"
1138,SUB Yogi Java Granola Bar,"Coffee, Chocolate, Granola, Honey, Dessert"
1139,SUB Yogi Original Granola Bar,"Granola, Honey, Dessert"
1140,SUB Yogi Peanut Butter Banana Granola Bar,"Banana, Peanut Butter, Granola, Honey, Dessert"
1141,SUB Yogi Strawberry Granola Bar,"Strawberry, Granola, Honey, Dessert"
1142,SUB Yogi Vanilla Tobacco Granola Bar,"Vanilla, Tobacco, Cream, Honey, Granola, Dessert"
